z_mm,B_sim_mT
-20.0,1.0201147108222137
-19.75,1.051344951641075
-19.5,1.0830756261361196
-19.25,1.1153101551476001
-19.0,1.1480518030081188
-18.75,1.1813036686113603
-18.5,1.2150686762572838
-18.25,1.249349566276681
-18.000000000000004,1.2841488854386753
-17.750000000000004,1.3194689771454717
-17.5,1.3553119714194202
-17.25,1.3916797746882745
-17.0,1.4285740593753777
-16.75,1.465996253302399
-16.5,1.5039475289131885
-16.25,1.542428792328294
-16.0,1.5814406722407253
-15.75,1.6209835086646103
-15.5,1.6610573415495031
-15.25,1.7016618992742891
-15.0,1.7427965870357853
-14.75,1.784460475148445
-14.5,1.8266522872727855
-14.25,1.869370388591543
-14.0,1.9126127739538838
-13.75,1.9563770560094043
-13.5,2.0006604533550774
-13.250000000000002,2.0454597787197617
-13.000000000000002,2.090771427212343
-12.750000000000002,2.1365913646611427
-12.5,2.182915116073643
-12.25,2.229737754247234
-12.0,2.277053888563098
-11.75,2.324857653996985
-11.5,2.3731427003821253
-11.25,2.4219021819610287
-11.0,2.471128747264475
-10.75,2.52081452935743
-10.5,2.5709511364931
-10.25,2.6215296432177033
-10.0,2.672540581969935
-9.75,2.7239739352203336
-9.5,2.77581912819701
-9.25,2.8280650222453176
-9.000000000000002,2.8806999088700795
-8.75,2.933711504509943
-8.5,2.9870869460941827
-8.25,3.0408127874331
-8.0,3.0948749964935076
-7.75,3.149258953611416
-7.5,3.2039494506940613
-7.249999999999999,3.258930691463619
-6.999999999999999,3.314186292794691
-6.750000000000001,3.3696992871973994
-6.500000000000001,3.4254521264973063
-6.25,3.481426686762601
-6.0,3.5376042745279883
-5.75,3.59396563436342
-5.5,3.650490957834259
-5.249999999999999,3.707159893897701
-5.000000000000001,3.7639515607781484
-4.750000000000001,3.8208445593618725
-4.500000000000001,3.877816988148624
-4.25,3.9348464597949406
-4.0,3.9919101192805275
-3.75,4.048984663725577
-3.4999999999999996,4.106046363883065
-3.2499999999999996,4.163071087325715
-2.999999999999999,4.220034323343022
-2.749999999999999,4.27691120955876
-2.4999999999999987,4.3336765602744896
-2.2499999999999987,4.390304896539066
-1.9999999999999982,4.446770477938568
-1.7500000000000016,4.503047336095308
-1.5000000000000013,4.559109309858149
-1.250000000000001,4.614930082160328
-1.0000000000000009,4.67048321851416
-0.7500000000000007,4.725742207105449
-0.5000000000000004,4.780680500443358
-0.2500000000000002,4.835271558514571
0.0,4.889488893383435
0.2500000000000002,4.943306115172531
0.5000000000000004,4.996696979350893
0.7500000000000007,5.0496354352498685
1.0000000000000009,5.102095675719431
1.250000000000001,5.1540521878305725
1.5000000000000013,5.205479804522411
1.7500000000000016,5.2563537570858045
1.9999999999999982,5.306649728368508
2.2499999999999987,5.35634390658057
2.4999999999999987,5.40541303957237
2.749999999999999,5.453834489451924
2.999999999999999,5.501586287402531
3.2499999999999996,5.54864718855666
3.4999999999999996,5.59499672677736
3.75,5.640615269194138
4.0,5.68548407033651
4.25,5.729585325705262
4.500000000000001,5.772902224618556
4.750000000000001,5.815419002168177
5.000000000000001,5.857120990119376
5.250000000000001,5.897994666587079
5.500000000000002,5.938027704320661
5.750000000000002,5.977209017430098
6.000000000000002,6.01552880638688
6.249999999999998,6.052978601134944
6.499999999999999,6.089551302148887
6.749999999999999,6.12524121927955
6.999999999999999,6.160044108230537
7.249999999999999,6.193957204513064
7.5,6.22697925473123
7.75,6.259110545054726
8.0,6.290352926741667
8.25,6.320709838580214
8.5,6.350186326124098
8.75,6.37878905760407
9.000000000000002,6.406526336404482
9.250000000000002,6.433408110001646
9.500000000000002,6.459445975268495
9.750000000000002,6.484653180057926
9.999999999999998,6.509044620985521
10.249999999999998,6.532636837340358
10.499999999999998,6.555448001061298
10.75,6.577497902724223
11.0,6.598807933494319
11.25,6.619401063005704
11.5,6.639301813139078
11.75,6.658536227676207
12.0,6.677131837818177
12.25,6.695117623562214
12.5,6.712523970939768
12.750000000000002,6.729382625126037
13.000000000000002,6.74572663943879
13.250000000000002,6.761590320251486
13.500000000000002,6.777009167853068
13.750000000000002,6.792019813293848
14.000000000000002,6.806659951263955
14.250000000000002,6.820968269057853
14.500000000000002,6.834984371685457
14.750000000000004,6.84874870319748
15.000000000000004,6.862302464299838
15.250000000000004,6.875687526339419
15.500000000000004,6.888946341751094
15.750000000000004,6.90212185106404
16.000000000000004,6.915257386573643
16.249999999999996,6.9283965727944015
16.499999999999996,6.941583223818647
16.749999999999996,6.954861237716125
16.999999999999996,6.968274488120353
17.249999999999996,6.981866713159574
17.499999999999996,6.995681401902598
17.75,7.0097616785036685
18.0,7.02415018424502
18.25,7.038888957691636
18.5,7.054019313189628
18.75,7.069581717957625
19.0,7.085615668039876
19.25,7.102159563410071
19.5,7.119250582536334
19.75,7.136924556740497
20.0,7.1552158447081435
20.25,7.1741572075304525
20.5,7.193779684683904
20.75,7.214112471379722
21.0,7.235182797740881
21.25,7.257015810290931
21.5,7.279634456264696
21.750000000000004,7.303059371276906
22.000000000000004,7.327308770909386
22.250000000000004,7.352398346801389
22.500000000000004,7.378341167849779
22.750000000000004,7.405147587146087
23.000000000000004,7.432825155295008
23.250000000000004,7.461378540774266
23.500000000000004,7.490809458006708
23.750000000000004,7.521116603823363
23.999999999999996,7.55229560299923
24.249999999999996,7.584338963541497
24.499999999999996,7.617236042402652
24.749999999999996,7.650973022277457
24.999999999999996,7.685532900122935
25.249999999999996,7.720895488013633
25.5,7.757037426910429
25.75,7.793932213879377
26.0,7.831550243247356
26.25,7.869858862123694
26.5,7.908822440650873
26.75,7.948402457273337
27.0,7.988557599231222
27.25,8.02924387839586
27.5,8.070414762466287
27.75,8.112021321441654
28.0,8.154012389173523
28.25,8.196334739685826
28.5,8.238933277829146
28.75,8.28175124371146
29.0,8.324730430220662
29.25,8.367811412825828
29.500000000000004,8.410933790716811
29.750000000000004,8.454036438215574
30.000000000000004,8.4970577652704
30.250000000000004,8.539935985726446
30.500000000000004,8.582609391955742
30.750000000000004,8.625016634327046
31.000000000000004,8.667097003904079
31.25,8.708790716679712
31.5,8.750039197586641
31.75,8.79078536247182
32.0,8.830973896185261
32.25,8.870551524913514
32.5,8.909467280885949
32.75,8.947672757598253
33.0,8.985122353732708
33.25,9.021773504008978
33.5,9.057586895272586
33.75,9.09252666621991
34.0,9.126560589268534
34.25,9.159660233208267
34.5,9.191801105410992
34.75,9.222962772534052
35.0,9.25312895882129
35.25,9.282287621285946
35.50000000000001,9.310431001247894
35.75000000000001,9.337555651892686
36.00000000000001,9.363662441718214
36.25000000000001,9.38875653393514
36.50000000000001,9.412847342086017
36.75000000000001,9.435948462343664
37.00000000000001,9.458077583138975
37.25000000000001,9.479256372949731
37.50000000000001,9.499510347252953
37.75000000000001,9.518868715802109
38.00000000000001,9.5373642115348
38.25000000000001,9.555032902545411
38.50000000000001,9.571913988668722
38.75000000000001,9.58804958431416
39.00000000000001,9.603484489265071
39.25000000000001,9.618265949212727
39.50000000000001,9.632443407830815
39.75000000000001,9.646068252212636
39.99999999999999,9.65919355349095
40.24999999999999,9.671873804439528
40.49999999999999,9.684164655817561
40.74999999999999,9.69612265316334
40.99999999999999,9.707804975674495
41.24999999999999,9.719269178728814
41.49999999999999,9.73057294150491
41.74999999999999,9.741773821056803
41.99999999999999,9.752929014082726
42.24999999999999,9.764095127508405
42.49999999999999,9.775327958879632
42.74999999999999,9.786682287430809
43.0,9.798211676566668
43.25,9.809968288364939
43.5,9.822002710580502
43.75,9.834363796507546
44.0,9.847098517936864
44.25,9.860251831332084
44.5,9.873866557241795
44.75,9.887983272865997
45.0,9.902640217604656
45.25,9.91787321133491
45.5,9.933715585091514
45.75,9.950198123762679
46.0,9.967349020360848
46.25,9.98519384138506
46.5,10.003755502757928
46.75,10.02305425579591
47.0,10.043107682656021
47.25,10.063930700694643
47.5,10.085535575174442
47.75,10.107931939762551
48.0,10.13112682427679
48.25,10.155124689155464
48.5,10.179927466150337
48.75,10.205534604769642
49.0,10.2319431240289
49.25,10.25914766910024
49.5,10.287140572485423
49.75,10.315911919372866
50.0,10.345449616874353
50.25,10.375739466871368
50.5,10.40676524223428
50.75,10.438508766208816
51.00000000000001,10.47094999479295
51.25000000000001,10.504067101953073
51.50000000000001,10.537836567551055
51.75000000000001,10.572233267872356
52.00000000000001,10.607230568660516
52.24999999999999,10.642800420574023
52.49999999999999,10.678913456988454
52.74999999999999,10.715539094068903
52.99999999999999,10.752645633036343
53.24999999999999,10.790200364545413
53.49999999999999,10.828169675081588
53.74999999999999,10.866519155272197
53.99999999999999,10.905213709988997
54.24999999999999,10.944217670100148
54.49999999999999,10.983494905707069
54.74999999999999,11.023008940676966
54.99999999999999,11.06272306825533
55.24999999999999,11.102600467515394
55.49999999999999,11.142604320372962
55.74999999999999,11.182697928866826
55.99999999999999,11.222844832376754
56.24999999999999,11.263008924424115
56.49999999999999,11.303154568674415
56.74999999999999,11.34324671373755
56.99999999999999,11.383251006340277
57.24999999999999,11.423133902427368
57.49999999999999,11.462862775733019
57.74999999999999,11.502406023353073
57.99999999999999,11.541733167841667
58.24999999999999,11.580814955353308
58.5,11.619623449353465
58.75,11.658132119427384
59.0,11.69631592472852
59.25,11.734151391624234
59.5,11.771616685117891
59.75,11.808691673651927
60.0,11.845357986927265
60.25,11.881599066408912
60.5,11.91740020822596
60.75,11.952748598216722
61.0,11.98763333891471
61.25,12.022045468319432
61.5,12.055977970346024
61.75,12.08942577689984
62.0,12.122385761575016
62.25,12.154856725029763
62.5,12.186839372144677
62.75,12.218336281123507
63.0,12.249351864747606
63.25,12.279892324045543
63.5,12.309965594687476
63.75,12.339581286459044
64.0,12.368750616211763
64.25,12.397486334725587
64.5,12.42580264795389
64.75,12.453715133151663
65.0,12.481240650413708
65.25,12.5083972501709
65.5,12.535204077209253
65.75,12.56168127178799
66.0,12.587849868439818
66.25,12.613731693038394
66.5,12.639349258715272
66.75,12.664725661201176
67.0,12.68988447415473
67.25,12.714849645025865
67.5,12.739645391981382
67.75,12.764296102396852
67.99999999999999,12.788826233392701
68.24999999999999,12.813260214862865
68.49999999999999,12.83762235541302
68.74999999999999,12.861936751591516
68.99999999999999,12.886227200760965
69.24999999999999,12.910517117922053
69.49999999999999,12.93482945676382
69.74999999999999,12.959186635177087
69.99999999999999,12.983610465430116
70.25,13.008122089168324
70.5,13.032741917363245
70.75,13.057489575300467
71.0,13.082383852661907
71.25,13.107442658725173
71.5,13.132682982671655
71.75,13.158120858966182
72.0,13.183771337743954
72.25,13.209648460116076
72.5,13.235765238282367
72.75,13.262133640320451
73.0,13.288764579502383
73.25,13.315667907974865
73.5,13.34285241462655
73.75,13.370325826955028
74.0,13.398094816738062
74.25,13.42616500930747
74.5,13.454540996219581
74.75,13.483226351114201
75.0,13.512223648553086
75.25,13.541534485630029
75.5,13.571159506146898
75.75,13.601098427153355
76.0,13.631350067652733
76.25,13.661912379281768
76.5,13.69278247877808
76.75,13.723956682055853
77.0,13.7554305397174
77.25,13.787198873835179
77.5,13.819255815846654
77.75,13.851594845411256
78.0,13.884208830086274
78.25,13.917090065685263
78.5,13.95023031718921
78.75,13.983620860087086
79.0,14.017252522028059
79.25,14.051115724673103
79.5,14.08520052563854
79.75,14.119496660428341
80.0,14.15399358425583
80.25,14.188680513658715
80.5,14.223546467814332
80.75,14.258580309464024
81.0,14.293770785358054
81.25,14.329106566133694
81.5,14.364576285540672
81.75,14.40016857892934
82.0,14.435872120917818
82.25,14.471675662155402
82.5,14.50756806510036
82.75,14.543538338731224
83.0,14.579575672111902
83.25,14.615669466732058
83.5,14.651809367545962
83.75,14.6879852926348
84.0,14.724187461419714
84.24999999999999,14.760406421355437
84.49999999999999,14.796633073037716
84.74999999999999,14.83285869366097
84.99999999999999,14.869074958766982
85.24999999999999,14.905273962229868
85.49999999999999,14.941448234427648
85.75,14.977590758556302
86.0,15.01369498504824
86.25,15.049754844063653
86.5,15.085764756029867
86.75,15.12171964021146
87.0,15.157614921301068
87.25,15.193446534028952
87.5,15.229210925797183
87.75,15.264905057352813
88.0,15.300526401522113
88.25,15.336072940036855
88.5,15.371543158491136
88.75,15.406936039475712
89.0,15.442251053944403
89.25,15.477488150874644
89.5,15.512647745291432
89.75,15.547730704730654
90.0,15.582738334224087
90.25,15.617672359893875
90.5,15.652534911249775
90.75,15.68732850228663
91.0,15.722056011483753
91.25,15.75672066081082
91.5,15.791325993847693
91.75,15.82587585312702
92.0,15.860374356810123
92.25,15.894825874806596
92.5,15.929235004448104
92.75,15.963606545825941
93.0,15.997945476900206
93.25,16.032256928486643
93.5,16.066546159224174
93.75,16.100818530623343
94.0,16.135079482291957
94.25,16.16933450743036
94.5,16.20358912868454
94.75,16.237848874440118
95.0,16.272119255636216
95.25,16.306405743172185
95.5,16.34071374597611
95.75,16.37504858979766
96.0,16.409415496783765
96.25,16.44381956588971
96.5,16.47826575417344
96.75,16.512758859016184
97.0,16.54730350130749
97.25,16.58190410962844
97.5,16.616564905462667
97.75,16.651289889460507
98.0,16.68608282877836
98.25,16.720947245511407
98.5,16.755886406235213
98.75,16.790903312668412
99.0,16.826000693466455
99.25,16.861180997153944
99.5,16.89644638620087
99.75,16.931798732246396
99.99999999999999,16.967239612471968
100.24999999999999,17.00277030712411
100.49999999999999,17.038391798185685
100.74999999999999,17.074104769193095
100.99999999999999,17.109909606195604
101.24999999999999,17.145806399851583
101.5,17.181794948655035
101.75,17.217874763284506
102.0,17.254045072064624
102.25,17.29030482752901
102.5,17.326652714071408
102.75,17.363087156669593
103.0,17.39960633066437
103.25,17.436208172573608
103.5,17.472890391918078
103.75,17.509650484033028
104.0,17.546485743835966
104.25,17.5833932805177
104.5,17.620370033119535
104.75,17.657412786955803
105.0,17.694518190836515
105.25,17.73168277504047
105.5,17.768902969984715
105.75,17.8061751255316
106.0,17.843495530870012
106.25,17.880860434902715
106.5,17.918266067067158
106.75,17.955708658512727
107.0,17.993184463552918
107.25,18.03068978130719
107.5,18.06822097744317
107.75,18.105774505926764
108.0,18.143346930684544
108.25,18.180934947080388
108.5,18.218535403106248
108.75,18.256145320185517
109.0,18.293761913486648
109.25,18.331382611644347
109.5,18.369005075786184
109.75,18.406627217763635
110.0,18.44424721748835
110.25,18.481863539276937
110.5,18.519474947110922
110.75,18.557080518722437
111.0,18.594679658420787
111.25,18.632272108580356
111.5,18.669857959716396
111.75,18.70743765908137
112.0,18.745012017722075
112.25,18.782582215944792
112.5,18.820149807144094
112.75,18.857716719958926
113.0,18.89528525872852
113.25,18.93285810222918
113.5,18.97043830068223
113.75,19.008029271032434
114.0,19.045634790505012
114.25,19.083258988458702
114.5,19.1209063365608
114.75,19.158581637318747
115.0,19.19629001101132
115.25,19.234036881070015
115.5,19.271827957968938
115.75,19.309669221688395
116.0,19.34756690282385
116.25,19.3855274624178
116.5,19.423557570597268
116.75,19.461664084104513
117.0,19.499854022812176
117.25,19.538134545317906
117.50000000000001,19.576512923715477
117.75000000000001,19.614996517642254
118.00000000000001,19.65359274770358
118.25000000000001,19.692309068375792
118.50000000000001,19.731152940489668
118.75000000000001,19.77013180339576
119.00000000000001,19.809253046912243
119.25000000000001,19.84852398315466
119.50000000000001,19.887951818345147
119.75000000000001,19.92754362469677
120.00000000000001,19.967306312466448
120.25000000000001,20.007246602266996
120.50000000000001,20.047370997726567
120.75000000000001,20.087685758580765
121.00000000000001,20.128196874279894
121.25000000000001,20.168910038190916
121.50000000000001,20.209830622471152
121.75000000000001,20.250963653687812
122.00000000000001,20.29231378925515
122.25000000000001,20.33388529475864
122.50000000000001,20.3756820222335
122.75000000000001,20.417707389462944
123.00000000000001,20.45996436035998
123.25000000000001,20.502455426495278
123.50000000000001,20.54518258983228
123.75000000000001,20.58814734672995
124.00000000000001,20.631350673273086
124.24999999999999,20.674793011989056
124.49999999999999,20.718474260010108
124.74999999999999,20.762393758739705
124.99999999999999,20.80655028508116
125.25,20.850942044286885
125.5,20.895566664485912
125.75,20.940421192947124
126.0,20.985502094134976
126.25,21.030805249613383
126.5,21.07632595985233
126.75,21.122058947989963
127.0,21.167998365600727
127.25,21.2141378005172
127.5,21.26047028675016
127.75,21.306988316547024
128.0,21.353683854624038
128.25,21.400548354602254
128.5,21.44757277767044
128.75,21.49474761349142
129.0,21.54206290335974
129.25,21.58950826561001
129.5,21.637072923265396
129.75,21.684745733905373
130.0,21.732515221720288
130.25,21.780369611708768
130.5,21.828296865961068
130.75,21.87628472195848
131.0,21.92432073280544
131.25,21.972392309296804
131.5,22.02048676370893
131.75,22.068591355188754
132.0,22.11669333660077
132.25,22.164780002678103
132.5,22.21283873930974
132.75,22.260857073782994
133.0,22.308822725787554
133.25,22.356723658975646
133.5,22.404548132861773
133.75,22.452284754835844
134.0,22.49992253205457
134.25,22.54745092296896
134.5,22.594859888239586
134.75,22.642139940787242
135.0,22.689282194723656
135.25,22.73627841290649
135.5,22.783121052863073
135.75,22.82980331083073
136.0,22.876319163665595
136.25,22.92266340837868
136.5,22.96883169906589
136.75,23.014820581009253
137.0,23.060627521738056
137.25,23.106250938852536
137.5,23.15169022442761
137.75,23.1969457658311
138.0,23.2420189628084
138.25,23.286912240705192
138.5,23.33162905971952
138.75,23.376173920095866
139.0,23.420552363195384
139.25,23.464770968398593
139.5,23.50883734581934
139.75,23.55276012483119
140.0,23.596548938429937
140.25,23.64021440347772
140.5,23.68376809689597
140.75,23.727222527895115
141.0,23.770591106348842
141.25000000000003,23.813888107439716
141.50000000000003,23.857128632720617
141.75000000000003,23.900328567752794
142.00000000000003,23.943504536496295
142.25000000000003,23.986673852642134
142.50000000000003,24.02985446808705
142.75000000000003,24.073064918762302
143.00000000000003,24.116324268036088
143.25000000000003,24.159652047916367
143.50000000000003,24.203068198285727
143.75000000000003,24.24659300440363
144.00000000000003,24.290247032913527
144.25000000000003,24.33405106659231
144.50000000000003,24.378026038079287
144.75000000000003,24.422192962819107
145.00000000000003,24.46657287145016
145.25000000000003,24.511186741865213
145.50000000000003,24.556055431166044
145.75000000000003,24.601199607727803
146.00000000000003,24.646639683582183
146.25000000000003,24.69239574732174
146.50000000000003,24.73848749772037
146.75000000000003,24.784934178257814
147.00000000000003,24.83175451272887
147.25000000000003,24.87896664211105
147.50000000000003,24.92658806285784
147.75000000000003,24.97463556677856
148.00000000000003,25.02312518266043
148.25000000000003,25.072072119783314
148.50000000000003,25.121490713473843
148.75000000000003,25.17139437284182
149.00000000000003,25.22179553083979
149.25000000000003,25.272705596784295
149.50000000000003,25.32413491147701
149.75000000000003,25.376092705063286
150.00000000000003,25.42858705776634
150.25000000000003,25.4816248636364
150.50000000000003,25.535211797455585
150.75000000000003,25.58935228494133
151.00000000000003,25.644049476393395
151.25000000000003,25.699305223931372
151.50000000000003,25.755120062472162
151.75000000000003,25.811493194598317
152.00000000000003,25.868422479469558
152.25000000000003,25.925904425930288
152.50000000000003,25.983934189965694
152.75000000000003,26.042505576657323
153.00000000000003,26.101611046786655
153.25000000000003,26.161241728230266
153.50000000000003,26.221387432284985
153.75000000000003,26.282036675052897
154.00000000000003,26.343176704006652
154.25000000000003,26.404793529843428
154.50000000000003,26.466871963721726
154.75000000000003,26.529395659958613
155.00000000000003,26.59234716424632
155.25000000000003,26.65570796742579
155.50000000000003,26.71945856483137
155.75000000000003,26.783578521194926
156.0,26.848046541069785
156.25,26.912840544705038
156.5,26.977937749268555
156.75,27.04331475528411
157.0,27.108947638112717
157.25,27.174812044272432
157.5,27.24088329235425
157.75,27.307136478254446
158.0,27.373546584406146
158.25,27.440088592656558
158.5,27.506737600399358
158.75,27.573468939537108
159.0,27.640258297814775
159.25,27.707081842033983
159.5,27.773916342628425
159.75,27.840739299054555
160.0,27.907529065428438
160.25,27.974264975820123
160.5,28.040927468601264
160.75,28.107498209229817
161.0,28.17396021084883
161.25,28.240297952073565
161.5,28.306497491343332
161.75,28.372546577221442
162.0,28.43843475403816
162.25,28.50415346228837
162.5,28.56969613321642
162.75,28.635058277046216
163.0,28.700237564344388
163.25,28.76523390003779
163.5,28.8300494896433
163.75,28.894688897308363
164.0,28.959159095302347
164.25,29.02346950464375
164.5,29.087632026593603
164.75,29.15166106479165
165.0,29.215573537858262
165.25,29.27938888233089
165.5,29.34312904584758
165.75,29.40681847053289
166.0,29.47048406658065
166.25,29.534155176064196
166.5,29.597863527037045
166.75,29.661643178014174
167.0,29.725530452947105
167.25,29.78956386682242
167.5,29.85378404202494
167.75,29.918233615611413
168.0,29.98295713763948
168.25,30.0480009606882
168.5,30.11341312069294
168.75,30.17924320919596
169.0,30.245542237087577
169.25,30.312362489880304
169.5,30.3797573745202
169.75,30.44778125769733
170.0,30.516489295570228
170.25,30.585937254769803
170.5,30.65618132449532
170.75,30.727277919461923
171.0,30.799283473405197
171.25,30.872254222795547
171.5,30.946245980364335
171.75,31.021313897997288
172.0,31.097512218508307
172.25,31.17489401577174
172.50000000000003,31.253510922663665
172.75000000000003,31.33341284624497
173.00000000000003,31.41464766961214
173.25000000000003,31.49726093984788
173.50000000000003,31.581295541523126
173.75000000000003,31.666791355238402
174.00000000000003,31.753784900744613
174.25000000000003,31.842308964254716
174.50000000000003,31.932392209648565
174.75000000000003,32.024058773384674
175.00000000000003,32.117327843066285
175.25000000000003,32.21221321976478
175.50000000000003,32.30872286438335
175.75000000000003,32.406858428546336
176.00000000000003,32.50661477072688
176.25000000000003,32.607979458575976
176.50000000000003,32.710932258690256
176.75000000000003,32.81544461535179
177.00000000000003,32.92147912009189
177.25000000000003,33.02898897426795
177.50000000000003,33.137917447198376
177.75000000000003,33.24819733277139
178.00000000000003,33.35975040782674
178.25000000000003,33.4724868960017
178.50000000000003,33.58630494112897
178.75000000000003,33.70109009467162
179.00000000000003,33.816714822071425
179.25000000000003,33.933038033267835
179.50000000000003,34.04990464300826
179.75000000000003,34.16714516690925
180.00000000000003,34.28457535953557
180.25000000000003,34.4019959010321
180.50000000000003,34.51919213906319
180.75000000000003,34.63593389297819
181.00000000000003,34.75197532721994
181.25000000000003,34.867054901018804
181.50000000000003,34.98089540135696
181.75000000000003,35.09320406604037
182.00000000000003,35.20367280347021
182.25000000000003,35.31197851535456
182.50000000000003,35.417783528139516
182.75000000000003,35.5207361383614
183.00000000000003,35.62047127642531
183.25000000000003,35.7166112924984
183.50000000000003,35.808766867269526
183.75000000000003,35.89653804927284
184.00000000000003,35.97951541930684
184.25000000000003,36.05728138120992
184.50000000000003,36.12941157688905
184.75000000000003,36.19547642205299
185.00000000000003,36.25504275759118
185.25000000000003,36.30767560998382
185.50000000000003,36.35294005254697
185.75000000000003,36.390403157734426
186.00000000000003,36.41963602915969
186.25000000000003,36.44021590049423
186.50000000000003,36.451728286971104
186.75000000000003,36.453769173903304
187.00000000000003,36.44594722544454
187.25000000000003,36.427885995802384
187.50000000000003,36.399226124287615
187.75000000000003,36.35962749497335
188.00000000000003,36.30877134136285
188.25,36.24636227634548
188.5,36.17213022786771
188.75,36.085832261170054
189.0,35.9872542691433
189.25,35.8762125133378
189.5,35.752554999407884
189.75,35.61616267227745
190.0,35.46695041805188
190.25,35.30486786165136
190.5,35.12989995127205
190.75,34.94206732305957
191.0,34.74142644176805
191.25,34.528069515636
191.5,34.302124186197794
191.75,34.06375299622216
192.0,33.81315264138741
192.25,33.55055301362425
192.5,33.276216046244905
192.75,32.99043437299512
193.0,32.69352981498445
193.25,32.38585171104173
193.5,32.0677751083876
193.75,31.739698831597426
194.0,31.40204344863728
194.25,31.055249153287544
194.5,30.69977358352569
194.75,30.336089595428607
195.0,29.964683011886247
195.25,29.586050364910296
195.5,29.200696649592338
195.75,28.80913310683967
196.0,28.41187505091891
196.25,28.00943975659434
196.5,27.60234441928886
196.75,27.191104200247672
197.0,26.776230367176925
197.25,26.358228539289303
197.5,25.93759704413976
197.75,25.514825392102757
198.0,25.09039287284845
198.25,24.664767276736963
198.5,24.238403742686025
198.75,23.81174373278893
199.0,23.38521413277948
199.25,22.959226476366112
199.5,22.53417629049334
199.75,22.110442557740306
200.0,21.688387291332038
200.25,21.26835521761995
200.5,20.850673560379953
200.75,20.43565192087646
201.0,20.023582247341015
201.25,19.614738887310818
201.5,19.209378716156674
201.75,18.80774133509356
202.0,18.41004933200345
202.25,18.01650859849992
202.5,17.62730869681887
202.75,17.2426232703228
203.0,16.862610491648155
203.25,16.487413542799874
203.5,16.117161121797093
203.75000000000003,15.751967970792975
204.00000000000003,15.391935420923256
204.25000000000003,15.037151949477884
204.50000000000003,14.687693745332739
204.75000000000003,14.343625278919962
205.00000000000003,14.004999873352244
205.25000000000003,13.671860273645562
205.50000000000003,13.344239211303366
205.75000000000003,13.022159961831914
206.00000000000003,12.705636893048274
206.25000000000003,12.394676002319803
206.50000000000003,12.089275441134463
206.75000000000003,11.789426025645316
207.00000000000003,11.495111732059389
207.25000000000003,11.206310175950815
207.50000000000003,10.92299307477081
207.75000000000003,10.645126693003178
208.00000000000003,10.372672269573743
208.25000000000003,10.105586427266456
208.50000000000003,9.84382156402809
208.75000000000003,9.587326226158657
209.00000000000003,9.336045463486233
209.25000000000003,9.08992116671417
209.50000000000003,8.848892387205964
209.75000000000003,8.61289563953964
210.00000000000003,8.381865187219969
210.25000000000003,8.155733311984196
210.50000000000003,7.9344305671757
210.75000000000003,7.717886015691366
211.00000000000003,7.506027453032663
211.25000000000003,7.298781616008556
211.50000000000003,7.0960743776509565
211.75000000000003,6.8978309289110324
212.00000000000003,6.703975947707917
212.25000000000003,6.514433755900908
212.50000000000003,6.329128464752261
212.75000000000003,6.147984109441044
213.00000000000003,5.9709247731792345
213.25000000000003,5.797874701470112
213.50000000000003,5.62875840703581
213.75000000000003,5.463500765926701
214.00000000000003,5.3020271053096
214.25000000000003,5.144263283415371
214.50000000000003,4.99013576210946
214.75000000000003,4.839571672531277
215.00000000000003,4.6924988742304805
215.25000000000003,4.548846008210238
215.50000000000003,4.4085425442695
215.75000000000003,4.271518823018406
216.00000000000003,4.137706092923199
216.25000000000003,4.007036542719661
216.50000000000003,3.879443329516879
216.75000000000003,3.7548606028965827
217.00000000000003,3.633223525296969
217.25000000000003,3.514468288954305
217.50000000000003,3.3985321296602464
217.75000000000003,3.2853533375782797
218.00000000000003,3.174871265348469
218.25000000000003,3.0670263336961865
218.50000000000003,2.9617600347475372
218.75000000000003,2.859014933241705
219.00000000000003,2.7587346658186984
219.25000000000003,2.660863938549581
219.50000000000003,2.565348522865629
219.75000000000003,2.4721352500325575
220.0,2.381172004306371
220.25,2.2924077148981032
220.5,2.2057923468662537
220.75,2.12127689104719
221.0,2.0388133531263786
221.25,1.9583547419457932
221.5,1.879855057136074
221.75,1.8032692761554714
222.0,1.7285533408115805
222.25,1.6556641433361297
222.5,1.5845595120777074
222.75,1.5151981968723258
223.0,1.4475398541469642
223.25,1.3815450318068554
223.5,1.3171751539531336
223.75,1.254392505473627
224.0,1.1931602165459687
224.25,1.133442247088835
224.5,1.0752033711940125
224.75,1.0184091615690603
225.0,0.9630259740176248
225.25,0.9090209319819408
225.5,0.8563619111697236
225.75,0.805017524285442
226.0,0.7549571058839827
226.25,0.706150697362818
226.5,0.6585690321070604
226.75,0.6121835208001881
227.0,0.5669662369117358
227.25,0.5228899023718746
227.5,0.47992787344154597
227.75,0.43805412678563765
228.0,0.3972432457556336
228.25,0.3574704068871617
228.5,0.31871136661697724
228.75,0.2809424482230638
229.0,0.24414052899080124
229.25,0.2082830276074211
229.5,0.17334789178635485
229.75,0.13931358612248915
230.0,0.10615908017881236
230.25000000000003,0.07386383680446043
230.5,0.042407800683748095
230.75000000000003,0.011771387115290067
231.0,-0.01806452897983122
231.25000000000003,-0.047118623822541436
231.5,-0.07540913531447938
231.75000000000003,-0.10295387335318634
232.0,-0.12977022992585008
232.25000000000003,-0.15587518898429042
232.5,-0.1812853361036406
232.75000000000003,-0.20601686792774374
233.0,-0.23008560140402332
233.25000000000003,-0.25350698281108686
233.5,-0.2762960965820565
233.75000000000003,-0.2984676739270596
234.0,-0.3200361012580405
234.25000000000003,-0.3410154284194463
234.5,-0.3614193767280575
234.75000000000003,-0.38126134682559043
235.00000000000003,-0.4005544263474119
235.25000000000003,-0.41931139741101914
235.50000000000003,-0.4375447439276633
235.75000000000006,-0.45526665874075994
236.00000000000003,-0.4724890505944737
236.25,-0.4892235509360846
236.50000000000003,-0.5054815205555209
236.75,-0.521274056065544
237.00000000000003,-0.536611996226051
237.25,-0.5515059281157866
237.50000000000003,-0.5659661931549387
237.75,-0.5800028929818151
238.00000000000003,-0.5936258951869872
238.25,-0.6068448389080255
238.50000000000003,-0.61966914028811
238.75,-0.6321079978015567
239.00000000000003,-0.6441703974494363
239.25,-0.6558651178282336
239.50000000000003,-0.6672007350746172
239.75,-0.6781856276891618
240.00000000000003,-0.6888279812419885
240.25,-0.6991357929630628
240.50000000000003,-0.7091168762199984
240.75,-0.7187788648860035
241.00000000000003,-0.7281292176007074
241.25,-0.7371752219263992
241.50000000000003,-0.7459239984022986
241.75,-0.7543825044992918
242.00000000000003,-0.7625575384776385
242.25,-0.7704557431499811
242.50000000000003,-0.7780836095520494
242.75,-0.7854474805232953
243.00000000000003,-0.7925535541997374
243.25,-0.7994078874211565
243.50000000000003,-0.8060163990548159
243.75,-0.8123848732377428
244.00000000000003,-0.8185189625396576
244.25,-0.8244241910484831
244.50000000000003,-0.8301059573804211
244.75,-0.835569537616445
245.00000000000003,-0.840820088167096
245.25,-0.8458626485673423
245.50000000000003,-0.8507021442033028
245.75,-0.8553433889725047
246.00000000000003,-0.8597910878793908
246.25,-0.8640498395676675
246.50000000000003,-0.8681241387911176
246.75,-0.8720183788243995
247.00000000000003,-0.8757368538153707
247.25,-0.8792837610803832
247.50000000000003,-0.8826632033440125
247.75,-0.885879190924597
248.00000000000003,-0.888935643866974
248.25,-0.8918363940237204
248.50000000000003,-0.8945851870862173
248.75,-0.8971856845667767
249.00000000000003,-0.899641465733088
249.25,-0.9019560294961539
249.50000000000003,-0.9041327962529147
249.75,-0.9061751096846697
250.0,-0.9080862385124319
250.24999999999997,-0.9098693782102739
250.5,-0.9115276526777343
250.74999999999997,-0.9130641158722993
251.0,-0.9144817534029656
251.24999999999997,-0.9157834840858522
251.5,-0.9169721614628169
251.74999999999997,-0.9180505752839888
252.0,-0.9190214529551333
252.24999999999997,-0.9198874609507074
252.5,-0.9206512061934765
252.74999999999997,-0.921315237401511
253.0,-0.9218820464033816
253.24999999999997,-0.9223540694223367
253.5,-0.9227336883302368
253.74999999999997,-0.9230232318719872
254.0,-0.9232249768612063
254.24999999999997,-0.9233411493478351
254.5,-0.9233739257583808
254.74999999999997,-0.9233254340094744
255.0,-0.9231977545953896
255.24999999999997,-0.9229929216501727
255.5,-0.9227129239850028
255.74999999999997,-0.9223597061013882
256.0,-0.9219351691807949
256.25,-0.9214411720512831
256.5,-0.9208795321317098
256.75,-0.9202520263540511
257.0,-0.9195603920643722
257.25,-0.9188063279029688
257.5,-0.9179914946641835
257.75,-0.9171175161363946
258.0,-0.916185979922651
258.25,-0.9151984382424326
258.5,-0.9141564087149817
258.75,-0.9130613751246589
259.0,-0.9119147881687516
259.25,-0.9107180661881635
259.5,-0.9094725958813892
259.75,-0.9081797330021849
260.0,-0.9068408030413182
260.25,-0.9054571018927838
260.5,-0.9040298965048541
260.75,-0.9025604255163299
261.0,-0.9010498998783399
261.25,-0.8994995034620411
261.5,-0.8979103936525443
261.75,-0.8962837019294064
262.0,-0.8946205344339945
262.25,-0.8929219725240451
262.5,-0.8911890733157117
262.75,-0.8894228702134045
263.0,-0.8876243734277035
263.25,-0.8857945704816356
263.5,-0.8839344267055761
263.75,-0.8820448857210597
264.0,-0.8801268699137432
264.25,-0.8781812808957904
264.5,-0.8762089999579138
264.75,-0.8742108885113288
265.0,-0.8721877885198392
265.25,-0.8701405229223049
265.5,-0.8680698960456931
265.75,-0.8659766940089552
266.0,-0.8638616851179225
266.25,-0.8617256202514455
266.5,-0.8595692332389663
266.75,-0.8573932412297346
267.0,-0.85519834505385
267.25,-0.8529852295753292
267.5,-0.8507545640373713
267.75,-0.8485070024000145
268.0,-0.8462431836703428
268.25,-0.8439637322254325
268.49999999999994,-0.8416692581281868
268.75,-0.8393603574362358
268.99999999999994,-0.8370376125040558
269.25,-0.834701592278457
269.49999999999994,-0.8323528525876027
269.75,-0.8299919364236981
269.99999999999994,-0.8276193742194984
270.25,-0.8252356841187709
270.49999999999994,-0.8228413722408598
270.75,-0.8204369329394717
270.99999999999994,-0.8180228490558294
271.25,-0.8155995921663071
271.49999999999994,-0.8131676228246851
271.75,-0.8107273907991327
271.99999999999994,-0.8082793353040502
272.25,-0.8058238852268749
272.49999999999994,-0.8033614593499778
272.75,-0.8008924665677425
272.99999999999994,-0.798417306098959
273.25,-0.7959363676946123
273.49999999999994,-0.7934500318411902
273.75,-0.7909586699595946
273.99999999999994,-0.7884626445997681
274.25,-0.7859623096311186
274.49999999999994,-0.7834580104288494
274.75,-0.7809500840562706
274.99999999999994,-0.7784388594431997
275.25,-0.7759246575605178
275.49999999999994,-0.773407791590987
275.75,-0.7708885670963952
275.99999999999994,-0.7683672821811227
276.25,-0.7658442276521984
276.49999999999994,-0.7633196871759363
276.75,-0.7607939374312122
276.99999999999994,-0.7582672482594723
277.25,-0.7557398828115284
277.49999999999994,-0.7532120976912263
277.75,-0.7506841430960423
277.99999999999994,-0.7481562629546882
278.25,-0.7456286950617781
278.49999999999994,-0.7431016712096342
278.75,-0.7405754173172807
278.99999999999994,-0.7380501535567023
279.25,-0.7355260944764112
279.49999999999994,-0.7330034491223977
279.75,-0.7304824211565054
279.99999999999994,-0.7279632089723038
280.25,-0.7254460058084959
280.5,-0.7229309998599308
280.75,-0.7204183743862573
281.0,-0.7179083078182874
281.25,-0.7154009738620999
281.5,-0.7128965416009535
281.75,-0.7103951755950367
282.0,-0.7078970359791206
282.25,-0.7054022785581423
282.5,-0.70291105490078
282.75,-0.7004235124310467
283.0,-0.6979397945179632
283.25,-0.6954600405633322
283.5,-0.6929843860876744
283.75,-0.6905129628143478
284.0,-0.6880458987519047
284.25,-0.6855833182747113
284.5,-0.6831253422018794
284.75,-0.6806720878745334
285.0,-0.6782236692314623
285.25,-0.6757801968831766
285.5,-0.6733417781844193
285.75,-0.6709085173051491
286.0,-0.6684805153000429
286.25,-0.666057870176534
286.5,-0.6636406769614349
286.75,-0.6612290277661546
287.0,-0.6588230118505616
287.25,-0.6564227156854999
287.5,-0.6540282230140093
287.75,-0.651639614911253
288.0,-0.6492569698432047
288.25,-0.6468803637240989
288.5,-0.6445098699726902
288.75,-0.6421455595673293
289.0,-0.6397875010998981
289.25,-0.6374357608286083
289.5,-0.6350904027297107
289.75,-0.6327514885481134
290.0,-0.630419077846955
290.25,-0.6280932280561347
290.5,-0.6257739945198403
290.75,-0.623461430543075
291.0,-0.6211555874372248
291.25,-0.6188565145646678
291.5,-0.616564259382462
291.75,-0.6142788674851137
292.0,-0.6120003826464679
292.25,-0.6097288468607119
292.5,-0.6074643003825377
292.75,-0.6052067817664596
293.0,-0.6029563279053194
293.25,-0.6007129740679846
293.5,-0.5984767539362679
293.75,-0.5962476996410712
294.0,-0.5940258417977861
294.25,-0.5918112095409481
294.5,-0.589603830558179
294.75,-0.5874037311234144
295.0,-0.5852109361294475
295.25,-0.5830254691197876
295.5,-0.5808473523198647
295.75,-0.5786766066675754
296.0,-0.5765132518432012
296.25,-0.5743573062986969
296.5,-0.5722087872863759
296.75,-0.570067710886992
297.0,-0.5679340920372431
297.25,-0.5658079445566948
297.5,-0.5636892811741508
297.75,-0.5615781135534675
298.0,-0.5594744523188362
298.25,-0.5573783070795325
298.5,-0.5552896864541575
298.75,-0.5532085980943654
299.0,-0.5511350487081039
299.25,-0.5490690440823629
299.5,-0.5470105891054555
299.75,-0.5449596877888272
300.0,-0.5429163432884173
300.24999999999994,-0.5408805579255659
300.5,-0.5388523332074906
300.74999999999994,-0.536831669847335
301.0,-0.5348185677837927
301.24999999999994,-0.5328130262003278
301.5,-0.5308150435439875
301.74999999999994,-0.5288246175438266
302.0,-0.5268417452289405
302.24999999999994,-0.5248664229461253
302.5,-0.522898646377164
302.74999999999994,-0.5209384105557546
303.0,-0.5189857098840768
303.24999999999994,-0.5170405381490191
303.5,-0.5151028885380563
303.74999999999994,-0.5131727536548023
304.0,-0.5112501255342271
304.24999999999994,-0.5093349956575619
304.5,-0.5074273549668832
304.74999999999994,-0.5055271938793962
305.0,-0.5036345023014104
305.24999999999994,-0.501749269642028
305.5,-0.49987148482653593
305.74999999999994,-0.4980011363095209
306.0,-0.49613821208770215
306.24999999999994,-0.4942826997124982
306.5,-0.49243458630232195
306.74999999999994,-0.49059385855462007
307.0,-0.4887605027576523
307.24999999999994,-0.48693450480202655
307.5,-0.48511585019198145
307.74999999999994,-0.4833045240564376
308.0,-0.48150051115980486
308.24999999999994,-0.4797037959125673
308.5,-0.47791436238163487
308.74999999999994,-0.47613219430048176
309.0,-0.47435727507906034
309.24999999999994,-0.4725895878135101
309.5,-0.47082911529565236
309.74999999999994,-0.4690758400222864
310.0,-0.46732974420428225
310.24999999999994,-0.46559080977548156
310.5,-0.46385901840140215
310.74999999999994,-0.4621343514877609
311.0,-0.4604167901888066
311.24999999999994,-0.4587063154154788
311.5,-0.45700290784338377
311.75,-0.45530654792060443
312.0,-0.4536172158753337
312.25,-0.45193489172335
312.5,-0.4502595552753207
312.75,-0.4485911861439563
313.0,-0.4469297637509999
313.25,-0.4452752673340704
313.5,-0.4436276759533502
313.75,-0.44198696849813174
314.0,-0.44035312369321494
314.25,-0.43872612010516926
314.5,-0.43710593614845156
314.75,-0.435492550091395
315.0,-0.43388594006205977
315.25,-0.43228608405395985
315.5,-0.4306929599316561
315.75,-0.4291065454362314
316.0,-0.42752681819063765
316.25,-0.4259537557049288
316.5,-0.42438733538137124
316.75,-0.42282753451944494
317.0,-0.42127433032072675
317.25,-0.41972769989366876
317.5,-0.4181876202582631
317.75,-0.41665406835060786
318.0,-0.415127021027361
318.25,-0.4136064550701019
318.5,-0.4120923471895848
318.75,-0.41058467402990284
319.0,-0.40908341217254907
319.25,-0.40758853814039064
319.5,-0.40610002840154624
319.75,-0.404617859373178
320.0,-0.40314200742519074
320.25,-0.4016724488838512
320.5,-0.4002091600353159
320.75,-0.3987521171290837
321.0,-0.3973012963813597
321.25,-0.3958566739783475
321.5,-0.3944182260794568
321.75,-0.39298592882044087
322.0,-0.39155975831645395
322.25,-0.390139690665041
322.5,-0.38872570194905076
322.75,-0.38731776823948344
323.0,-0.3859158655982649
323.25,-0.3845199700809592
323.5,-0.3831300577394088
323.75,-0.3817461046243166
324.0,-0.3803680867877597
324.25,-0.3789959802856445
324.5,-0.37762976118009906
324.75,-0.37626940554180816
325.0,-0.3749148894522869
325.25,-0.3735661890061018
325.5,-0.37222328031303104
325.75,-0.3708861395001753
326.0,-0.36955474271400934
326.25,-0.3682290661223871
326.5,-0.36690908591648963
326.75,-0.3655947783127281
327.0,-0.364286119554592
327.25,-0.36298308591445544
327.5,-0.3616856536953294
327.75,-0.36039379923257353
328.0,-0.35910749889555843
328.25,-0.3578267290892866
328.5,-0.35655146625596706
328.75,-0.35528168687655093
329.0,-0.3540173674722205
329.25,-0.3527584846058432
329.5,-0.35150501488338026
329.75,-0.3502569349552606
330.0,-0.34901422151771233
330.25,-0.3477768513140611
330.5,-0.34654480113598735
330.75,-0.3453180478247514
331.0,-0.34409656827238
331.25,-0.3428803394228216
331.5,-0.3416693382730649
331.75,-0.3404635418742267
331.99999999999994,-0.33926292733260577
332.25,-0.33806747181070557
332.49999999999994,-0.33687715252822736
332.75,-0.3356919467630296
332.99999999999994,-0.33451183185206224
333.25,-0.33333678519226667
333.49999999999994,-0.33216678424145263
333.75,-0.3310018065191425
333.99999999999994,-0.32984182960739206
334.25,-0.3286868311515812
334.49999999999994,-0.3275367888611823
334.75,-0.326391680510499
334.99999999999994,-0.32525148393938375
335.25,-0.3241161770539275
335.49999999999994,-0.3229857378271283
335.75,-0.3218601442995344
335.99999999999994,-0.3207393745798661
336.25,-0.3196234068456129
336.49999999999994,-0.3185122193436119
336.75,-0.31740579039060113
336.99999999999994,-0.3163040983737555
337.25,-0.3152071217511983
337.49999999999994,-0.3141148390524969
337.75,-0.31302722887913437
337.99999999999994,-0.3119442699049663
338.25,-0.3108659408766542
338.49999999999994,-0.3097922206140853
338.75,-0.30872308801076936
338.99999999999994,-0.307658522034223
339.25,-0.30659850172633213
339.49999999999994,-0.30554300620370123
339.75,-0.30449201465798315
339.99999999999994,-0.3034455063561964
340.25,-0.302403460641022
340.49999999999994,-0.3013658569310903
340.75,-0.3003326747212473
340.99999999999994,-0.29930389358281173
341.25,-0.2982794931638127
341.49999999999994,-0.2972594531892175
341.75,-0.2962437534611423
341.99999999999994,-0.29523237385905277
342.25,-0.29422529433994776
342.49999999999994,-0.29322249493853436
342.75,-0.2922239557673864
343.0,-0.2912296570170943
343.25,-0.2902395789564002
343.5,-0.28925370193232325
343.75,-0.28827200637027245
344.0,-0.2872944727741492
344.25,-0.2863210817264379
344.5,-0.28535181388828745
344.75,-0.28438664999958063
345.0,-0.283425570878995
345.25,-0.2824685574240526
345.5,-0.2815155906111611
345.75,-0.2805666514956447
346.0,-0.2796217212117666
346.25,-0.2786807809727411
346.5,-0.2777438120707398
346.75,-0.27681079587688495
347.0,-0.27588171384123966
347.25,-0.27495654749278475
347.5,-0.2740352784393923
347.75,-0.27311788836778755
348.0,-0.272204359043507
348.25,-0.27129467231084525
348.5,-0.2703888100927987
348.75,-0.26948675439099845
349.0,-0.2685884872856399
349.25,-0.26769399093540236
349.5,-0.2668032475773655
349.75,-0.2659162395269164
350.0,-0.2650329491776534
350.25,-0.2641533590012811
350.5,-0.2632774515475023
350.75,-0.2624052094439018
351.0,-0.26153661539582707
351.25,-0.2606716521862608
351.5,-0.25981030267569166
351.75,-0.2589525498019761
352.0,-0.25809837658019896
352.25,-0.2572477661025261
352.5,-0.256400701538055
352.75,-0.25555716613265844
353.0,-0.254717143208826
353.25,-0.2538806161654989
353.5,-0.2530475684779038
353.75,-0.2522179836973784
354.0,-0.25139184545119775
354.25,-0.2505691374423925
354.5,-0.24974984344956666
354.75,-0.24893394732670937
355.0,-0.2481214330030056
355.25,-0.24731228448264053
355.5,-0.246506485844604
355.75,-0.24570402124248825
356.0,-0.24490487490428606
356.25,-0.24410903113218274
356.5,-0.2433164743023481
356.75,-0.24252718886472271
357.0,-0.24174115934280477
357.25,-0.24095837033343054
357.5,-0.24017880650655626
357.75,-0.23940245260503418
358.0,-0.23862929344438855
358.25,-0.23785931391258786
358.5,-0.2370924989698163
358.75,-0.23632883364824117
359.0,-0.23556830305178073
359.25,-0.23481089235586738
359.5,-0.2340565868072116
359.75,-0.23330537172356133
360.0,-0.2325572324934627
360.25,-0.23181215457601564
360.5,-0.23107012350063139
360.75,-0.23033112486678495
361.0,-0.22959514434376943
361.25,-0.2288621676704461
361.5,-0.2281321806549952
361.75,-0.22740516917466383
362.0,-0.2266811191755143
362.25,-0.2259600166721689
362.5,-0.22524184774755676
362.75,-0.2245265985526562
363.0,-0.2238142553062389
363.25,-0.22310480429461102
363.5,-0.22239823187135535
363.75,-0.2216945244570702
364.0,-0.2209936685391102
364.24999999999994,-0.2202956506713238
364.5,-0.21960045747379173
364.74999999999994,-0.2189080756325647
365.0,-0.21821849189939876
365.24999999999994,-0.21753169309149292
365.5,-0.21684766609122313
365.74999999999994,-0.21616639784587843
366.0,-0.21548787536739472
366.24999999999994,-0.21481208573208949
366.5,-0.2141390160803948
366.74999999999994,-0.21346865361659156
367.0,-0.21280098560854163
367.24999999999994,-0.21213599938742173
367.5,-0.21147368234745484
367.74999999999994,-0.2108140219456437
368.0,-0.21015700570150192
368.24999999999994,-0.20950262119678725
368.5,-0.20885085607523243
368.74999999999994,-0.20820169804227798
369.0,-0.20755513486480334
369.24999999999994,-0.20691115437085966
369.5,-0.20626974444940044
369.74999999999994,-0.20563089305001483
370.0,-0.2049945881826586
370.24999999999994,-0.20436081791738694
370.5,-0.2037295703840861
370.74999999999994,-0.20310083377220658
371.0,-0.20247459633049497
371.24999999999994,-0.20185084636672754
371.5,-0.20122957224744226
371.74999999999994,-0.20061076239767334
372.0,-0.19999440530068363
372.24999999999994,-0.1993804894976996
372.5,-0.19876900358764446
372.74999999999994,-0.1981599362268737
373.0,-0.19755327612890913
373.24999999999994,-0.1969490120641752
373.5,-0.1963471328597335
373.74999999999994,-0.19574762739901996
374.0,-0.19515048462158063
374.25,-0.19455569352280952
374.5,-0.19396324315368493
374.75,-0.193373122620509
375.0,-0.19278532108464466
375.25,-0.19219982776225603
375.5,-0.1916166319240467
375.75,-0.19103572289500134
376.0,-0.1904570900541248
376.25,-0.1898807228341851
376.5,-0.18930661072145363
376.75,-0.18873474325544934
377.0,-0.18816511002868025
377.25,-0.1875977006863888
377.5,-0.187032504926295
377.75,-0.18646951249834245
378.0,-0.18590871320444347
378.25,-0.1853500968982262
378.5,-0.18479365348478108
378.75,-0.18423937292040943
379.0,-0.1836872452123713
379.25,-0.1831372604186357
379.5,-0.18258940864762974
379.75,-0.18204368005799035
380.0,-0.18150006485831485
380.25,-0.1809585533069144
380.5,-0.1804191357115663
380.75,-0.1798818024292682
381.0,-0.17934654386599275
381.25,-0.1788133504764433
381.5,-0.17828221276380965
381.75,-0.17775312127952603
382.0,-0.177226066623028
382.25,-0.1767010394415123
382.5,-0.1761780304296954
382.75,-0.1756570303295748
383.0,-0.1751380299301896
383.25,-0.17462102006738342
383.5,-0.17410599162356638
383.75,-0.17359293552748012
384.0,-0.17308184275396118
384.25,-0.17257270432370803
384.5,-0.17206551130304612
384.75,-0.17156025480369638
385.0,-0.1710569259825426
385.25,-0.17055551604140115
385.5,-0.17005601622679034
385.75,-0.16955841782970216
386.0,-0.169062712185373
386.25,-0.16856889067305747
386.5,-0.16807694471580098
386.75,-0.167586865780215
387.0,-0.1670986453762519
387.25,-0.16661227505698195
387.5,-0.16612774641836953
387.75,-0.16564505109905242
388.0,-0.16516418078011985
388.25,-0.16468512718489356
388.5,-0.16420788207870743
388.75,-0.16373243726869047
389.0,-0.16325878460354878
389.25,-0.16278691597334988
389.5,-0.16231682330930655
389.75,-0.16184849858356318
390.0,-0.16138193380898153
390.25,-0.16091712103892872
390.5,-0.16045405236706495
390.75,-0.15999271992713346
391.0,-0.15953311589274985
391.25,-0.15907523247719416
391.5,-0.15861906193320197
391.75,-0.15816459655275822
392.0,-0.15771182866689046
392.25,-0.15726075064546416
392.5,-0.15681135489697803
392.75,-0.15636363386836138
393.0,-0.15591758004477094
393.25,-0.15547318594939016
393.5,-0.15503044414322803
393.75,-0.15458934722492032
394.0,-0.15414988783053
394.25,-0.15371205863335025
394.5,-0.1532758523437073
394.75,-0.15284126170876478
395.0,-0.1524082795123283
395.25,-0.1519768985746522
395.5,-0.15154711175224567
395.75,-0.15111891193768107
396.0,-0.1506922920594024
396.25,-0.15026724508153516
396.49999999999994,-0.14984376400369673
396.75,-0.1494218418608077
396.99999999999994,-0.1490014717229051
397.25,-0.14858264669495433
397.49999999999994,-0.1481653599166648
397.75,-0.14774960456230385
397.99999999999994,-0.14733537384051382
398.25,-0.14692266099412787
398.49999999999994,-0.14651145929998907
398.75,-0.14610176206876782
398.99999999999994,-0.14569356264478267
399.25,-0.1452868544058199
399.49999999999994,-0.14488163076295563
399.75,-0.1444778851603775
400.0,-0.14407561107520847
