magnet_id,stack_index,stack_side,magnet_index_on_side,longitudinal_x_mm,transverse_z_mm,distance_to_axis_mm,moment_orientation,magnet_diameter_mm,magnet_thickness_mm
1,1,upper,1,9.467000000000002,29.421762682389755,29.421762682389755,1,8.0,3.0
2,1,upper,2,9.467000000000002,32.421762682389755,32.421762682389755,1,8.0,3.0
3,1,upper,3,9.467000000000002,35.42176268238976,35.42176268238976,1,8.0,3.0
4,1,lower,1,9.467000000000002,-29.421762682389755,29.421762682389755,1,8.0,3.0
5,1,lower,2,9.467000000000002,-32.421762682389755,32.421762682389755,1,8.0,3.0
6,1,lower,3,9.467000000000002,-35.42176268238976,35.42176268238976,1,8.0,3.0
7,2,upper,1,22.4,53.00160734962076,53.00160734962076,1,8.0,3.0
8,2,upper,2,22.4,56.00160734962076,56.00160734962076,1,8.0,3.0
9,2,upper,3,22.4,59.00160734962077,59.00160734962077,1,8.0,3.0
10,2,lower,1,22.4,-53.00160734962076,53.00160734962076,1,8.0,3.0
11,2,lower,2,22.4,-56.00160734962076,56.00160734962076,1,8.0,3.0
12,2,lower,3,22.4,-59.00160734962077,59.00160734962077,1,8.0,3.0
13,3,upper,1,35.333,35.25995629450467,35.25995629450467,1,8.0,3.0
14,3,upper,2,35.333,38.25995629450467,38.25995629450467,1,8.0,3.0
15,3,upper,3,35.333,41.25995629450467,41.25995629450467,1,8.0,3.0
16,3,lower,1,35.333,-35.25995629450467,35.25995629450467,1,8.0,3.0
17,3,lower,2,35.333,-38.25995629450467,38.25995629450467,1,8.0,3.0
18,3,lower,3,35.333,-41.25995629450467,41.25995629450467,1,8.0,3.0
19,4,upper,1,48.267,35.05386328620633,35.05386328620633,1,8.0,3.0
20,4,upper,2,48.267,38.05386328620633,38.05386328620633,1,8.0,3.0
21,4,upper,3,48.267,41.05386328620633,41.05386328620633,1,8.0,3.0
22,4,upper,4,48.267,44.05386328620634,44.05386328620634,1,8.0,3.0
23,4,lower,1,48.267,-35.05386328620633,35.05386328620633,1,8.0,3.0
24,4,lower,2,48.267,-38.05386328620633,38.05386328620633,1,8.0,3.0
25,4,lower,3,48.267,-41.05386328620633,41.05386328620633,1,8.0,3.0
26,4,lower,4,48.267,-44.05386328620634,44.05386328620634,1,8.0,3.0
27,5,upper,1,61.2,39.311663141568225,39.311663141568225,1,8.0,3.0
28,5,upper,2,61.2,42.31166314156823,42.31166314156823,1,8.0,3.0
29,5,upper,3,61.2,45.31166314156823,45.31166314156823,1,8.0,3.0
30,5,upper,4,61.2,48.31166314156823,48.31166314156823,1,8.0,3.0
31,5,lower,1,61.2,-39.311663141568225,39.311663141568225,1,8.0,3.0
32,5,lower,2,61.2,-42.31166314156823,42.31166314156823,1,8.0,3.0
33,5,lower,3,61.2,-45.31166314156823,45.31166314156823,1,8.0,3.0
34,5,lower,4,61.2,-48.31166314156823,48.31166314156823,1,8.0,3.0
35,6,upper,1,74.133,34.159920562289585,34.159920562289585,1,8.0,3.0
36,6,upper,2,74.133,37.159920562289585,37.159920562289585,1,8.0,3.0
37,6,upper,3,74.133,40.159920562289585,40.159920562289585,1,8.0,3.0
38,6,upper,4,74.133,43.159920562289585,43.159920562289585,1,8.0,3.0
39,6,upper,5,74.133,46.159920562289585,46.159920562289585,1,8.0,3.0
40,6,lower,1,74.133,-34.159920562289585,34.159920562289585,1,8.0,3.0
41,6,lower,2,74.133,-37.159920562289585,37.159920562289585,1,8.0,3.0
42,6,lower,3,74.133,-40.159920562289585,40.159920562289585,1,8.0,3.0
43,6,lower,4,74.133,-43.159920562289585,43.159920562289585,1,8.0,3.0
44,6,lower,5,74.133,-46.159920562289585,46.159920562289585,1,8.0,3.0
45,7,upper,1,87.067,36.703094548106435,36.703094548106435,1,8.0,3.0
46,7,upper,2,87.067,39.70309454810643,39.70309454810643,1,8.0,3.0
47,7,upper,3,87.067,42.703094548106435,42.703094548106435,1,8.0,3.0
48,7,upper,4,87.067,45.703094548106435,45.703094548106435,1,8.0,3.0
49,7,upper,5,87.067,48.703094548106435,48.703094548106435,1,8.0,3.0
50,7,upper,6,87.067,51.703094548106435,51.703094548106435,1,8.0,3.0
51,7,lower,1,87.067,-36.703094548106435,36.703094548106435,1,8.0,3.0
52,7,lower,2,87.067,-39.70309454810643,39.70309454810643,1,8.0,3.0
53,7,lower,3,87.067,-42.703094548106435,42.703094548106435,1,8.0,3.0
54,7,lower,4,87.067,-45.703094548106435,45.703094548106435,1,8.0,3.0
55,7,lower,5,87.067,-48.703094548106435,48.703094548106435,1,8.0,3.0
56,7,lower,6,87.067,-51.703094548106435,51.703094548106435,1,8.0,3.0
57,8,upper,1,100.0,33.95653066373135,33.95653066373135,1,8.0,3.0
58,8,upper,2,100.0,36.95653066373135,36.95653066373135,1,8.0,3.0
59,8,upper,3,100.0,39.95653066373134,39.95653066373134,1,8.0,3.0
60,8,upper,4,100.0,42.95653066373135,42.95653066373135,1,8.0,3.0
61,8,upper,5,100.0,45.95653066373134,45.95653066373134,1,8.0,3.0
62,8,upper,6,100.0,48.95653066373134,48.95653066373134,1,8.0,3.0
63,8,lower,1,100.0,-33.95653066373135,33.95653066373135,1,8.0,3.0
64,8,lower,2,100.0,-36.95653066373135,36.95653066373135,1,8.0,3.0
65,8,lower,3,100.0,-39.95653066373134,39.95653066373134,1,8.0,3.0
66,8,lower,4,100.0,-42.95653066373135,42.95653066373135,1,8.0,3.0
67,8,lower,5,100.0,-45.95653066373134,45.95653066373134,1,8.0,3.0
68,8,lower,6,100.0,-48.95653066373134,48.95653066373134,1,8.0,3.0
69,9,upper,1,112.933,33.747717711916124,33.747717711916124,1,8.0,3.0
70,9,upper,2,112.933,36.74771771191613,36.74771771191613,1,8.0,3.0
71,9,upper,3,112.933,39.747717711916124,39.747717711916124,1,8.0,3.0
72,9,upper,4,112.933,42.74771771191613,42.74771771191613,1,8.0,3.0
73,9,upper,5,112.933,45.74771771191613,45.74771771191613,1,8.0,3.0
74,9,upper,6,112.933,48.747717711916124,48.747717711916124,1,8.0,3.0
75,9,upper,7,112.933,51.74771771191613,51.74771771191613,1,8.0,3.0
76,9,lower,1,112.933,-33.747717711916124,33.747717711916124,1,8.0,3.0
77,9,lower,2,112.933,-36.74771771191613,36.74771771191613,1,8.0,3.0
78,9,lower,3,112.933,-39.747717711916124,39.747717711916124,1,8.0,3.0
79,9,lower,4,112.933,-42.74771771191613,42.74771771191613,1,8.0,3.0
80,9,lower,5,112.933,-45.74771771191613,45.74771771191613,1,8.0,3.0
81,9,lower,6,112.933,-48.747717711916124,48.747717711916124,1,8.0,3.0
82,9,lower,7,112.933,-51.74771771191613,51.74771771191613,1,8.0,3.0
83,10,upper,1,125.867,32.93119920840599,32.93119920840599,1,8.0,3.0
84,10,upper,2,125.867,35.931199208406,35.931199208406,1,8.0,3.0
85,10,upper,3,125.867,38.93119920840599,38.93119920840599,1,8.0,3.0
86,10,upper,4,125.867,41.931199208406,41.931199208406,1,8.0,3.0
87,10,upper,5,125.867,44.931199208406,44.931199208406,1,8.0,3.0
88,10,upper,6,125.867,47.93119920840599,47.93119920840599,1,8.0,3.0
89,10,upper,7,125.867,50.931199208406,50.931199208406,1,8.0,3.0
90,10,lower,1,125.867,-32.93119920840599,32.93119920840599,1,8.0,3.0
91,10,lower,2,125.867,-35.931199208406,35.931199208406,1,8.0,3.0
92,10,lower,3,125.867,-38.93119920840599,38.93119920840599,1,8.0,3.0
93,10,lower,4,125.867,-41.931199208406,41.931199208406,1,8.0,3.0
94,10,lower,5,125.867,-44.931199208406,44.931199208406,1,8.0,3.0
95,10,lower,6,125.867,-47.93119920840599,47.93119920840599,1,8.0,3.0
96,10,lower,7,125.867,-50.931199208406,50.931199208406,1,8.0,3.0
97,11,upper,1,138.8,31.30755886674034,31.30755886674034,1,8.0,3.0
98,11,upper,2,138.8,34.307558866740344,34.307558866740344,1,8.0,3.0
99,11,upper,3,138.8,37.30755886674034,37.30755886674034,1,8.0,3.0
100,11,upper,4,138.8,40.30755886674034,40.30755886674034,1,8.0,3.0
101,11,upper,5,138.8,43.307558866740344,43.307558866740344,1,8.0,3.0
102,11,upper,6,138.8,46.307558866740344,46.307558866740344,1,8.0,3.0
103,11,upper,7,138.8,49.307558866740344,49.307558866740344,1,8.0,3.0
104,11,upper,8,138.8,52.307558866740344,52.307558866740344,1,8.0,3.0
105,11,lower,1,138.8,-31.30755886674034,31.30755886674034,1,8.0,3.0
106,11,lower,2,138.8,-34.307558866740344,34.307558866740344,1,8.0,3.0
107,11,lower,3,138.8,-37.30755886674034,37.30755886674034,1,8.0,3.0
108,11,lower,4,138.8,-40.30755886674034,40.30755886674034,1,8.0,3.0
109,11,lower,5,138.8,-43.307558866740344,43.307558866740344,1,8.0,3.0
110,11,lower,6,138.8,-46.307558866740344,46.307558866740344,1,8.0,3.0
111,11,lower,7,138.8,-49.307558866740344,49.307558866740344,1,8.0,3.0
112,11,lower,8,138.8,-52.307558866740344,52.307558866740344,1,8.0,3.0
113,12,upper,1,151.733,31.4577314657557,31.4577314657557,1,8.0,3.0
114,12,upper,2,151.733,34.4577314657557,34.4577314657557,1,8.0,3.0
115,12,upper,3,151.733,37.4577314657557,37.4577314657557,1,8.0,3.0
116,12,upper,4,151.733,40.45773146575569,40.45773146575569,1,8.0,3.0
117,12,upper,5,151.733,43.4577314657557,43.4577314657557,1,8.0,3.0
118,12,upper,6,151.733,46.4577314657557,46.4577314657557,1,8.0,3.0
119,12,upper,7,151.733,49.45773146575569,49.45773146575569,1,8.0,3.0
120,12,upper,8,151.733,52.4577314657557,52.4577314657557,1,8.0,3.0
121,12,upper,9,151.733,55.45773146575569,55.45773146575569,1,8.0,3.0
122,12,lower,1,151.733,-31.4577314657557,31.4577314657557,1,8.0,3.0
123,12,lower,2,151.733,-34.4577314657557,34.4577314657557,1,8.0,3.0
124,12,lower,3,151.733,-37.4577314657557,37.4577314657557,1,8.0,3.0
125,12,lower,4,151.733,-40.45773146575569,40.45773146575569,1,8.0,3.0
126,12,lower,5,151.733,-43.4577314657557,43.4577314657557,1,8.0,3.0
127,12,lower,6,151.733,-46.4577314657557,46.4577314657557,1,8.0,3.0
128,12,lower,7,151.733,-49.45773146575569,49.45773146575569,1,8.0,3.0
129,12,lower,8,151.733,-52.4577314657557,52.4577314657557,1,8.0,3.0
130,12,lower,9,151.733,-55.45773146575569,55.45773146575569,1,8.0,3.0
131,13,upper,1,164.667,28.511075148166164,28.511075148166164,1,8.0,3.0
132,13,upper,2,164.667,31.51107514816616,31.51107514816616,1,8.0,3.0
133,13,upper,3,164.667,34.511075148166164,34.511075148166164,1,8.0,3.0
134,13,upper,4,164.667,37.511075148166164,37.511075148166164,1,8.0,3.0
135,13,upper,5,164.667,40.511075148166164,40.511075148166164,1,8.0,3.0
136,13,upper,6,164.667,43.511075148166164,43.511075148166164,1,8.0,3.0
137,13,upper,7,164.667,46.51107514816616,46.51107514816616,1,8.0,3.0
138,13,upper,8,164.667,49.511075148166164,49.511075148166164,1,8.0,3.0
139,13,upper,9,164.667,52.511075148166164,52.511075148166164,1,8.0,3.0
140,13,upper,10,164.667,55.51107514816616,55.51107514816616,1,8.0,3.0
141,13,lower,1,164.667,-28.511075148166164,28.511075148166164,1,8.0,3.0
142,13,lower,2,164.667,-31.51107514816616,31.51107514816616,1,8.0,3.0
143,13,lower,3,164.667,-34.511075148166164,34.511075148166164,1,8.0,3.0
144,13,lower,4,164.667,-37.511075148166164,37.511075148166164,1,8.0,3.0
145,13,lower,5,164.667,-40.511075148166164,40.511075148166164,1,8.0,3.0
146,13,lower,6,164.667,-43.511075148166164,43.511075148166164,1,8.0,3.0
147,13,lower,7,164.667,-46.51107514816616,46.51107514816616,1,8.0,3.0
148,13,lower,8,164.667,-49.511075148166164,49.511075148166164,1,8.0,3.0
149,13,lower,9,164.667,-52.511075148166164,52.511075148166164,1,8.0,3.0
150,13,lower,10,164.667,-55.51107514816616,55.51107514816616,1,8.0,3.0
151,14,upper,1,177.6,28.186416842984244,28.186416842984244,1,8.0,3.0
152,14,upper,2,177.6,31.186416842984244,31.186416842984244,1,8.0,3.0
153,14,upper,3,177.6,34.186416842984244,34.186416842984244,1,8.0,3.0
154,14,upper,4,177.6,37.186416842984244,37.186416842984244,1,8.0,3.0
155,14,upper,5,177.6,40.186416842984244,40.186416842984244,1,8.0,3.0
156,14,upper,6,177.6,43.186416842984244,43.186416842984244,1,8.0,3.0
157,14,upper,7,177.6,46.186416842984244,46.186416842984244,1,8.0,3.0
158,14,upper,8,177.6,49.186416842984244,49.186416842984244,1,8.0,3.0
159,14,upper,9,177.6,52.186416842984244,52.186416842984244,1,8.0,3.0
160,14,upper,10,177.6,55.18641684298424,55.18641684298424,1,8.0,3.0
161,14,upper,11,177.6,58.186416842984244,58.186416842984244,1,8.0,3.0
162,14,lower,1,177.6,-28.186416842984244,28.186416842984244,1,8.0,3.0
163,14,lower,2,177.6,-31.186416842984244,31.186416842984244,1,8.0,3.0
164,14,lower,3,177.6,-34.186416842984244,34.186416842984244,1,8.0,3.0
165,14,lower,4,177.6,-37.186416842984244,37.186416842984244,1,8.0,3.0
166,14,lower,5,177.6,-40.186416842984244,40.186416842984244,1,8.0,3.0
167,14,lower,6,177.6,-43.186416842984244,43.186416842984244,1,8.0,3.0
168,14,lower,7,177.6,-46.186416842984244,46.186416842984244,1,8.0,3.0
169,14,lower,8,177.6,-49.186416842984244,49.186416842984244,1,8.0,3.0
170,14,lower,9,177.6,-52.186416842984244,52.186416842984244,1,8.0,3.0
171,14,lower,10,177.6,-55.18641684298424,55.18641684298424,1,8.0,3.0
172,14,lower,11,177.6,-58.186416842984244,58.186416842984244,1,8.0,3.0
173,15,upper,1,190.533,20.2657740328054,20.2657740328054,1,8.0,3.0
174,15,upper,2,190.533,23.2657740328054,23.2657740328054,1,8.0,3.0
175,15,upper,3,190.533,26.265774032805403,26.265774032805403,1,8.0,3.0
176,15,upper,4,190.533,29.2657740328054,29.2657740328054,1,8.0,3.0
177,15,upper,5,190.533,32.2657740328054,32.2657740328054,1,8.0,3.0
178,15,upper,6,190.533,35.265774032805396,35.265774032805396,1,8.0,3.0
179,15,upper,7,190.533,38.265774032805396,38.265774032805396,1,8.0,3.0
180,15,upper,8,190.533,41.2657740328054,41.2657740328054,1,8.0,3.0
181,15,upper,9,190.533,44.2657740328054,44.2657740328054,1,8.0,3.0
182,15,upper,10,190.533,47.2657740328054,47.2657740328054,1,8.0,3.0
183,15,upper,11,190.533,50.2657740328054,50.2657740328054,1,8.0,3.0
184,15,upper,12,190.533,53.265774032805396,53.265774032805396,1,8.0,3.0
185,15,upper,13,190.533,56.2657740328054,56.2657740328054,1,8.0,3.0
186,15,upper,14,190.533,59.2657740328054,59.2657740328054,1,8.0,3.0
187,15,lower,1,190.533,-20.2657740328054,20.2657740328054,1,8.0,3.0
188,15,lower,2,190.533,-23.2657740328054,23.2657740328054,1,8.0,3.0
189,15,lower,3,190.533,-26.265774032805403,26.265774032805403,1,8.0,3.0
190,15,lower,4,190.533,-29.2657740328054,29.2657740328054,1,8.0,3.0
191,15,lower,5,190.533,-32.2657740328054,32.2657740328054,1,8.0,3.0
192,15,lower,6,190.533,-35.265774032805396,35.265774032805396,1,8.0,3.0
193,15,lower,7,190.533,-38.265774032805396,38.265774032805396,1,8.0,3.0
194,15,lower,8,190.533,-41.2657740328054,41.2657740328054,1,8.0,3.0
195,15,lower,9,190.533,-44.2657740328054,44.2657740328054,1,8.0,3.0
196,15,lower,10,190.533,-47.2657740328054,47.2657740328054,1,8.0,3.0
197,15,lower,11,190.533,-50.2657740328054,50.2657740328054,1,8.0,3.0
198,15,lower,12,190.533,-53.265774032805396,53.265774032805396,1,8.0,3.0
199,15,lower,13,190.533,-56.2657740328054,56.2657740328054,1,8.0,3.0
200,15,lower,14,190.533,-59.2657740328054,59.2657740328054,1,8.0,3.0
