z_mm,B_target_mT,B_sim_mT,residual_mT,in_active_0_185mm,acceptance_residual_with_start_0p1mT_deadband_mT
0.0,5.255143016902623,5.191785908929553,-0.0633571079730697,True,-0.0
0.2890625,5.283735558779547,5.229405998759029,-0.0543295600205183,True,-0.0
0.578125,5.312328100656471,5.266759768477355,-0.0455683321791159,True,-0.0
0.8671874999999999,5.34096076140445,5.303840147698129,-0.03712061370632,True,-0.0
1.15625,5.369599978543806,5.340640456288619,-0.0289595222551872,True,-0.0
1.4453125,5.398272923066425,5.377154424390271,-0.0211184986761529,True,-0.0
1.7343749999999998,5.426959044799248,5.413376212127633,-0.0135828326716146,True,-0.0
2.0234375,5.455672439090254,5.44930042894029,-0.0063720101499634,True,-0.0
2.3125,5.484405696631728,5.484922152471031,0.0005164558393019,True,0.0
2.6015625,5.513159707784544,5.52023694694184,0.0070772391572966,True,0.0
2.890625,5.541940334255722,5.555240880948251,0.0133005466925279,True,0.0
3.1796875,5.570735130473074,5.589930544601244,0.0191954141281697,True,0.0
3.46875,5.5995633609229705,5.624303065945317,0.0247397050223462,True,0.0
3.7578125,5.628399111526612,5.658356126580374,0.0299570150537626,True,0.0
4.046875,5.657275182954586,5.692087976414782,0.0348127934601955,True,0.0
4.335937499999999,5.68615205839511,5.7254974474766405,0.0393453890815305,True,0.0
4.625,5.715076209773591,5.758583966710307,0.0435077569367163,True,0.0
4.9140625,5.7440003611520725,5.791347567685387,0.0473472065333144,True,0.0
5.203124999999999,5.772966853937923,5.823788901145987,0.0508220472080636,True,0.0
5.4921875,5.801939326235501,5.855909244328693,0.0539699180931918,True,0.0
5.78125,5.830947531173869,5.887710508978694,0.056762977804825,True,0.0
6.070312499999999,5.859968567378702,5.919195247994863,0.0592266806161614,True,0.0
6.359375,5.889018660409959,5.950366660636076,0.0613480002261178,True,0.0
6.6484375,5.91808850555356,5.9812285962229375,0.0631400906693771,True,0.0
6.937499999999999,5.94718066381133,6.011785556271167,0.0646048924598371,True,0.0
7.226562499999999,5.976299564992697,6.042042694995431,0.0657431300027343,True,0.0
7.515625,6.005433966814541,6.072005818125067,0.0665718513105251,True,0.0
7.8046875,6.03460217322466,6.101681379976182,0.0670792067515215,True,0.0
8.09375,6.063778998162887,6.13107647872812,0.0672974805652334,True,0.0
8.3828125,6.092996761109626,6.16019884985576,0.0672020887461334,True,0.0
8.671874999999998,6.122216189942207,6.189056857673275,0.0668406677310686,True,0.0
8.9609375,6.151483762875566,6.217659484949276,0.0661757220737097,True,0.0
9.25,6.1807513358089246,6.246016320557844,0.0652649847489193,True,0.0
9.539062499999998,6.21006361615491,6.2741375451350665,0.0640739289801562,True,0.0
9.828125,6.239381254692671,6.302033914715908,0.0626526600232373,True,0.0
10.1171875,6.268736762021749,6.329716742331915,0.0609799803101664,True,0.0
10.406249999999998,6.298104723975528,6.357197877556351,0.059093153580823,True,0.0
10.6953125,6.327503645029539,6.38448968398947,0.05698603895993,True,0.0
10.984375,6.3569221904312405,6.411605014683557,0.0546828242523169,True,0.0
11.273437499999998,6.386364713249335,6.438557185514071,0.0521924722647363,True,0.0
11.5625,6.415834104378,6.465359946510845,0.0495258421328451,True,0.0
11.8515625,6.445320418308548,6.4920274511706735,0.0467070328621253,True,0.0
12.140624999999998,6.474840919717652,6.5185742237808055,0.0437333040631537,True,0.0
12.4296875,6.504371215430282,6.54501512479104,0.0406439093607576,True,0.0
12.71875,6.533943093975432,6.571365314280728,0.0374222203052962,True,0.0
13.007812499999998,6.563517563473187,6.597640213576033,0.0341226501028458,True,0.0
13.296875,6.5931410883402695,6.623855465081685,0.0307143767414152,True,0.0
13.585937499999998,6.622764613207352,6.650026890401306,0.0272622771939545,True,0.0
13.874999999999998,6.652435367705674,6.676170446829849,0.0237350791241755,True,0.0
14.1640625,6.682110810439448,6.702302182311692,0.020191371872244,True,0.0
14.453124999999998,6.711826400711192,6.728438188968188,0.0166117882569958,True,0.0
14.7421875,6.7415540352443255,6.754594555308697,0.0130405200643715,True,0.0
15.03125,6.77131465978446,6.780787317249713,0.0094726574652523,True,0.0
15.320312499999998,6.801094762467027,6.807032408077287,0.0059376456102598,True,0.0
15.609375,6.830900621183868,6.833345607498498,0.0024449863146305,True,0.0
15.898437499999998,6.860733470813334,6.859742489938686,-0.0009909808746473,True,-0.0
16.1875,6.890584765041823,6.886238372251471,-0.004346392790352,True,-0.0
16.4765625,6.920470642893482,6.912848261019447,-0.0076223818740346,True,-0.0
16.765625,6.950367575408649,6.939586799633634,-0.0107807757750138,True,-0.0
17.0546875,6.980306765266577,6.966468215350067,-0.0138385499165094,True,-0.0
17.343749999999996,7.010249540297117,6.99350626653161,-0.0167432737655072,True,-0.0
17.632812499999996,7.040242328485603,7.020714190292701,-0.0195281381929028,True,-0.0
17.921875,7.070235116674089,7.0481046507735154,-0.0221304659005737,True,-0.0
18.2109375,7.100277827143116,7.075689688278523,-0.0245881388645924,True,-0.0
18.5,7.130324502558611,7.10348066952197,-0.0268438330366408,True,-0.0
18.7890625,7.160413759917592,7.131488239229765,-0.0289255206878278,True,-0.0
19.078125,7.190514614061183,7.15972227335303,-0.0307923407081517,True,-0.0
19.3671875,7.220650629620468,7.188191834153662,-0.0324587954668061,True,-0.0
19.65625,7.2508059566308605,7.216905127425628,-0.0339008292052321,True,-0.0
19.9453125,7.280988943243849,7.245869462118454,-0.0351194811253948,True,-0.0
20.234375,7.311199039930907,7.275091212630087,-0.0361078273008203,True,-0.0
20.5234375,7.341429212008948,7.304575784035758,-0.0368534279731897,True,-0.0
20.8125,7.371694377887785,7.334327580517288,-0.0373667973704965,True,-0.0
21.1015625,7.401971951415232,7.364349977253057,-0.0376219741621743,True,-0.0
21.390625,7.432292488740846,7.394645296022832,-0.0376471927180151,True,-0.0
21.6796875,7.46261768129028,7.425214784773696,-0.0374028965165838,True,-0.0
21.96875,7.492993895092778,7.456058601382887,-0.0369352937098907,True,-0.0
22.2578125,7.523370108895276,7.487175801841123,-0.0361943070541536,True,-0.0
22.546875,7.553799123960814,7.518564333064994,-0.0352347908958196,True,-0.0
22.8359375,7.584231322081216,7.55022103053007,-0.0340102915511461,True,-0.0
23.125,7.614708706828685,7.582141620896549,-0.0325670859321353,True,-0.0
23.4140625,7.645197199955307,7.614320729777591,-0.0308764701777162,True,-0.0
23.703125,7.675723179699375,7.646751894775779,-0.028971284923596,True,-0.0
23.9921875,7.706268281404868,7.679427583886519,-0.0268406975183488,True,-0.0
24.28125,7.736843083148681,7.712339219338021,-0.0245038638106605,True,-0.0
24.5703125,7.767445109927621,7.745477206906092,-0.0219679030215285,True,-0.0
24.859375,7.798068962379536,7.778830970708623,-0.0192379916709121,True,-0.0
25.1484375,7.828728233686714,7.812388993449067,-0.0163392402376472,True,-0.0
25.4375,7.859401367277214,7.846138862041364,-0.0132625052358496,True,-0.0
25.7265625,7.890118205566522,7.880067318509768,-0.0100508870567537,True,-0.0
26.015625,7.920840852465331,7.914160316017476,-0.0066805364478551,True,-0.0
26.3046875,7.951615583229349,7.948403079837036,-0.0032125033923129,True,-0.0
26.59375,7.982390313993367,7.982780173034148,0.0003898590407811,True,0.0
26.8828125,8.013220929172972,8.017275566595007,0.0040546374220351,True,0.0
27.171875,8.044053880983196,8.0518727136859,0.0078188327027033,True,0.0
27.4609375,8.07493481078907,8.086554627693127,0.0116198169040574,True,0.0
27.75,8.105826315336845,8.12130396365199,0.0154776483151444,True,0.0
28.0390625,8.136757800422568,8.156103102635058,0.0193453022124898,True,0.0
28.328125,8.167708192560722,8.190934238634748,0.0232260460740259,True,0.0
28.6171875,8.198690475431887,8.225779467441518,0.0270889920096304,True,0.0
28.90625,8.22970009321706,8.260620876988964,0.0309207837719035,True,0.0
29.1953125,8.260733418250132,8.295440638610563,0.0347072203604314,True,0.0
29.484375,8.291802602985902,8.330221098630314,0.0384184956444128,True,0.0
29.7734375,8.322887216447276,8.364944869691566,0.0420576532442901,True,0.0
30.0625,8.354016312727927,8.399594921215524,0.0455786084875963,True,0.0455786084875963
30.3515625,8.38515246279322,8.434154668373056,0.0490022055798355,True,0.0490022055798355
30.640625,8.41634181854839,8.468608058951943,0.0522662404035534,True,0.0522662404035534
30.9296875,8.447531174303558,8.502939657505555,0.055408483201999,True,0.055408483201999
31.21875,8.478779721861978,8.537134726179431,0.0583550043174539,True,0.0583550043174539
31.5078125,8.51002968840198,8.571179301629025,0.0611496132270454,True,0.0611496132270454
31.796875,8.541330629458733,8.605060267464923,0.0637296380061897,True,0.0637296380061897
32.0859375,8.57264156152077,8.638765421691561,0.0661238601707917,True,0.0661238601707917
32.375,8.603995153571026,8.672283538641395,0.0682883850703693,True,0.0682883850703693
32.6640625,8.635367409366127,8.70560442494841,0.0702370155822827,True,0.0702370155822827
32.953125,8.666773911941563,8.738718969152847,0.0719450572112846,True,0.0719450572112846
33.2421875,8.698207853202444,8.771619184582246,0.0734113313798009,True,0.0734113313798009
33.53125,8.729667527892525,8.804298245212138,0.0746307173196125,True,0.0746307173196125
33.8203125,8.761163519922206,8.83675051427224,0.0755869943500336,True,0.0755869943500336
34.109375,8.792676630395762,8.868971565430403,0.076294935034641,True,0.076294935034641
34.3984375,8.824235042117136,8.900958196455443,0.0767231543383067,True,0.0767231543383067
34.68749999999999,8.855801854144175,8.932708435331474,0.0769065811872977,True,0.0769065811872977
34.97656249999999,8.8874230581504,8.964221538868603,0.0767984807182042,True,0.0767984807182042
35.26562499999999,8.919044262156621,8.995497983927496,0.0764537217708746,True,0.0764537217708746
35.5546875,8.950728212230016,9.026539451447109,0.0758112392170926,True,0.0758112392170926
35.84375,8.98241258483585,9.0573488035351,0.0749362186992508,True,0.0749362186992508
36.1328125,9.014151154483464,9.087930053947328,0.0737788994638645,True,0.0737788994638645
36.421875,9.045899075777504,9.11828833234642,0.0723892565689145,True,0.0723892565689145
36.7109375,9.077692541033493,9.148429842787747,0.0707373017542548,True,0.0707373017542548
37.0,9.109504394931395,9.178361816933784,0.0688574220023899,True,0.0688574220023899
37.2890625,9.141353034075198,9.20809246254372,0.0667394284685225,True,0.0667394284685225
37.578125,9.173229208373831,9.237630907823467,0.0644016994496357,True,0.0644016994496357
37.86718749999999,9.205133301954335,9.266987142251466,0.061853840297131,True,0.061853840297131
38.15624999999999,9.237074188386924,9.296171954516485,0.0590977661295618,True,0.0590977661295618
38.44531249999999,9.269034019246922,9.325196868215835,0.0561628489689127,True,0.0561628489689127
38.734375,9.301040013539234,9.354074075963968,0.0530340624247342,True,0.0530340624247342
39.0234375,9.333055866840192,9.382816372554116,0.0497605057139232,True,0.0497605057139232
39.3125,9.36512736876773,9.411437087797406,0.0463097190296756,True,0.0463097190296756
39.6015625,9.397199532014852,9.439950019636674,0.0427504876218207,True,0.0427504876218207
39.890625,9.429336945461108,9.46836936809505,0.039032422633943,True,0.039032422633943
40.1796875,9.461474358907362,9.496709670573638,0.0352353116662776,True,0.0352353116662776
40.46875,9.493669441544538,9.524985738958517,0.0313162974139788,True,0.0313162974139788
40.7578125,9.525873174560354,9.553212598935673,0.0273394243753156,True,0.0273394243753156
41.046875,9.558125561565806,9.581405431845104,0.0232798702792975,True,0.0232798702792975
41.33593749999999,9.590396026429794,9.609579519331888,0.0191834929020948,True,0.0191834929020948
41.62499999999999,9.6227060167829,9.637750190975709,0.0150441741928065,True,0.0150441741928065
41.91406249999999,9.65504363006306,9.665932775001032,0.0108891449379731,True,0.0108891449379731
42.203125,9.687411525253117,9.694142552090025,0.0067310268369071,True,0.0067310268369071
42.4921875,9.71981670786954,9.722394712241185,0.002578004371645,True,0.002578004371645
42.78125,9.752242811923622,9.750704314539608,-0.0015384973840147,True,-0.0015384973840147
43.0703125,9.78471598921243,9.779086249632,-0.0056297395804299,True,-0.0056297395804299
43.359375,9.817200608723594,9.80755520463206,-0.0096454040915336,True,-0.0096454040915336
43.6484375,9.84974221050208,9.836125630122002,-0.0136165803800783,True,-0.0136165803800783
43.9375,9.882285654657943,9.864811708864254,-0.0174739457936921,True,-0.0174739457936921
44.2265625,9.914896115290944,9.893627325796114,-0.0212687894948285,True,-0.0212687894948285
44.51562499999999,9.94750657592394,9.92258603884994,-0.0249205370739993,True,-0.0249205370739993
44.80468749999999,9.980178454370147,9.951701050123235,-0.0284774042469126,True,-0.0284774042469126
45.09374999999999,10.012858212837674,9.980985176918278,-0.0318730359193959,True,-0.0318730359193959
45.38281249999999,10.04558998586776,10.010450822179465,-0.0351391636882972,True,-0.0351391636882972
45.671875,10.078339485833968,10.040109943878855,-0.0382295419551117,True,-0.0382295419551117
45.9609375,10.111131475348737,10.069974022937206,-0.0411574524115301,True,-0.0411574524115301
46.25,10.143951165232185,10.100054029317294,-0.0438971359148915,True,-0.0438971359148915
46.5390625,10.176803695916623,10.130360385989874,-0.0464433099267493,True,-0.0464433099267493
46.828125,10.209694028961913,10.160902930547667,-0.0487910984142431,True,-0.0487910984142431
47.1171875,10.242607428317015,10.191690874329154,-0.0509165539878623,True,-0.0509165539878623
47.40625,10.275568862667818,10.222732759009917,-0.0528361036579005,True,-0.0528361036579005
47.69531249999999,10.308543461042868,10.254036410723192,-0.0545070503196777,True,-0.0545070503196777
47.98437499999999,10.3415764598164,10.285608891881004,-0.0559675679353971,True,-0.0559675679353971
48.27343749999999,10.374612590441645,10.31745645098114,-0.057156139460503,True,-0.057156139460503
48.56249999999999,10.407717621804553,10.349584470800192,-0.0581331510043602,True,-0.0581331510043602
48.8515625,10.440822653167464,10.381997415487437,-0.0588252376800286,True,-0.0588252376800286
49.140625,10.473993158070114,10.414698777184991,-0.0592943808851217,True,-0.0592943808851217
49.4296875,10.50717069531592,10.447691022904584,-0.0594796724113378,True,-0.0594796724113378
49.71875,10.540403886204365,10.480975542487553,-0.0594283437168122,True,-0.0594283437168122
50.0078125,10.573654407832404,10.514552598559757,-0.059101809272646,True,-0.059101809272646
50.296875,10.606950632066551,10.548421279464996,-0.0585293526015589,True,-0.0585293526015589
50.5859375,10.640274621862485,10.582579456216417,-0.0576951656460662,True,-0.0576951656460662
50.875,10.673634229900449,10.617023744543996,-0.0566104853564515,True,-0.0566104853564515
51.16406249999999,10.70703217701838,10.651749473135084,-0.0552827038832956,True,-0.0552827038832956
51.45312499999999,10.740455522453008,10.6867506591635,-0.0537048632895074,True,-0.0537048632895074
51.74218749999999,10.773927921499288,10.722019992178945,-0.0519079293203432,True,-0.0519079293203432
52.03124999999999,10.807415361095208,10.757548827382577,-0.0498665337126322,True,-0.0498665337126322
52.3203125,10.840962712213871,10.793327189245836,-0.0476355229680359,True,-0.0476355229680359
52.609375,10.874514605945054,10.82934378633811,-0.0451708196069419,True,-0.0451708196069419
52.8984375,10.908137414905012,10.86558603811563,-0.0425513767893809,True,-0.0425513767893809
53.1875,10.941760223864968,10.902040114289672,-0.0397201095752967,True,-0.0397201095752967
53.4765625,10.975452904276818,10.938690987238616,-0.0367619170381985,True,-0.0367619170381985
53.765625,11.009151682560828,10.975522497757302,-0.0336291848035269,True,-0.0336291848035269
54.0546875,11.042910064124,11.012517434251054,-0.030392629872946,True,-0.030392629872946
54.34374999999999,11.076685329019462,11.049657625283476,-0.0270277037359868,True,-0.0270277037359868
54.63281249999999,11.110509787463617,11.086924045179154,-0.0235857422844626,True,-0.0235857422844626
54.92187499999999,11.144362062155198,11.124296932169203,-0.0200651299859938,True,-0.0200651299859938
55.21093749999999,11.178252976669247,11.161755918351629,-0.0164970583176205,True,-0.0164970583176205
55.49999999999999,11.212182790333436,11.19928017052425,-0.012902619809187,True,-0.012902619809187
55.7890625,11.246140543607687,11.23684854073928,-0.0092920028684061,True,-0.0092920028684061
56.078125,11.280148431509328,11.274439725229168,-0.0057087062801594,True,-0.0057087062801594
56.3671875,11.314173409778176,11.312032430167257,-0.0021409796109195,True,-0.0021409796109195
56.65625,11.348259913368963,11.349605542558056,0.001345629189093,True,0.001345629189093
56.9453125,11.382352506454238,11.387138304403608,0.0047857979493699,True,0.0047857979493699
57.234375,11.41651817347333,11.4246104881685,0.0080923146951704,True,0.0080923146951704
57.5234375,11.450683840492422,11.46200257146927,0.0113187309768482,True,0.0113187309768482
57.81249999999999,11.484924159404905,11.499295908846872,0.0143717494419676,True,0.0143717494419676
58.10156249999999,11.51916954398158,11.5364728984459,0.0173033544643187,True,0.0173033544643187
58.39062499999999,11.553478828917068,11.57351714142272,0.0200383125056533,True,0.0200383125056533
58.67968749999999,11.587804491675609,11.6104135919383,0.022609100262692,True,0.022609100262692
58.96875,11.622183150086366,11.647148695659636,0.0249655455732689,True,0.0249655455732689
59.2578125,11.656589658253134,11.683710514797747,0.0271208565446132,True,0.0271208565446132
59.546875,11.691038101467692,11.72008883784782,0.0290507363801279,True,0.0290507363801279
59.8359375,11.725526028980491,11.756275272367972,0.0307492433874803,True,0.0307492433874803
60.125,11.760044672252429,11.79226331933465,0.0322186470822234,True,0.0322186470822234
60.4140625,11.794614599872208,11.82804842784239,0.0334338279701813,True,0.0334338279701813
60.703125,11.829203862429653,11.863628029170073,0.0344241667404199,True,0.0344241667404199
60.99218749999999,11.863856377854605,11.899001549511611,0.0351451716570101,True,0.0351451716570101
61.28124999999999,11.89851668295046,11.934170400961277,0.035653718010814,True,0.035653718010814
61.57031249999999,11.933252380932608,11.969137950648603,0.0358855697159959,True,0.0358855697159959
61.85937499999999,11.967988078914754,12.00390946822981,0.0359213893150571,True,0.0359213893150571
62.14843749999999,12.0028036383598,12.038492052256386,0.0356884138965878,True,0.0356884138965878
62.4375,12.037623120824072,12.072894536252496,0.0352714154284224,True,0.0352714154284224
62.7265625,12.072511190811792,12.10712737563494,0.0346161848231493,True,0.0346161848231493
63.01562499999999,12.107415066977753,12.141202516897614,0.0337874499198604,True,0.0337874499198604
63.3046875,12.142376090563063,12.175133250751845,0.0327571601887784,True,0.0327571601887784
63.59374999999999,12.177364977069248,12.208934051159575,0.0315690740903297,True,0.0315690740903297
63.8828125,12.212399401667248,12.242620402413582,0.0302210007463357,True,0.0302210007463357
64.171875,12.247473922698289,12.27620861660375,0.0287346939054616,True,0.0287346939054616
64.4609375,12.282582200141045,12.309715643957771,0.0271334438167302,True,0.0271334438167302
64.75,12.31774298755758,12.343158878654872,0.0254158910972905,True,0.0254158910972905
65.0390625,12.352925574151785,12.376555962780566,0.0236303886287821,True,0.0236303886287821
65.328125,12.388173267623277,12.409924591117568,0.0217513234942907,True,0.0217513234942907
65.6171875,12.42343062420874,12.443282319451304,0.0198516952425609,True,0.0198516952425609
65.90625,12.458765871349252,12.47664637900918,0.0178805076599293,True,0.0178805076599293
66.19531249999999,12.494101118489764,12.5100334995501,0.0159323810603375,True,0.0159323810603375
66.484375,12.529521919865342,12.543459743477836,0.0139378236124945,True,0.0139378236124945
66.77343749999999,12.564945376372354,12.576940353169574,0.011994976797219,True,0.011994976797219
67.0625,12.600442547179586,12.610489613493238,0.0100470663136516,True,0.0100470663136516
67.3515625,12.635954876975978,12.644120731237132,0.008165854261154,True,0.008165854261154
67.640625,12.671528900384615,12.677845732897673,0.006316832513056,True,0.006316832513056
67.9296875,12.707130775763837,12.711675381969703,0.0045446062058671,True,0.0045446062058671
68.21875,12.742782139868266,12.745619116565097,0.0028369766968301,True,0.0028369766968301
68.5078125,12.778474241642838,12.779685007853718,0.0012107662108792,True,0.0012107662108792
68.796875,12.81420343952852,12.813879739482893,-0.000323700045629,True,-0.000323700045629
69.0859375,12.849986457181954,12.848208607792651,-0.0017778493893016,True,-0.0017778493893016
69.37499999999999,12.885793986992908,12.882675542310723,-0.0031184446821833,True,-0.0031184446821833
69.6640625,12.92166861883508,12.917283145688636,-0.0043854731464412,True,-0.0043854731464412
69.95312499999999,12.95755498384244,12.95203275193495,-0.0055222319074905,True,-0.0055222319074905
70.2421875,12.993521937168609,12.98692450151824,-0.0065974356503687,True,-0.0065974356503687
70.53124999999999,13.029488890494775,13.021957431656148,-0.0075314588386284,True,-0.0075314588386284
70.8203125,13.06554763709373,13.057129579882274,-0.0084180572114556,True,-0.0084180572114556
71.109375,13.101607628347228,13.092438098793522,-0.0091695295537062,True,-0.0091695295537062
71.3984375,13.13774695810364,13.12787937972986,-0.0098675783737779,True,-0.0098675783737779
71.6875,13.1739007130424,13.163449183029048,-0.0104515300133525,True,-0.0104515300133525
71.9765625,13.210121154515782,13.199142772432245,-0.0109783820835367,True,-0.0109783820835367
72.265625,13.246369408382751,13.234955051193031,-0.01141435718972,True,-0.01141435718972
72.55468749999999,13.282671495719214,13.270880697462976,-0.0117907982562365,True,-0.0117907982562365
72.84375,13.319014993416824,13.30691429659011,-0.0121006968267153,True,-0.0121006968267153
73.13281249999999,13.35539926642726,13.343050468070674,-0.012348798356588,True,-0.012348798356588
73.421875,13.391838762696011,13.37928398503783,-0.012554777658184,True,-0.012554777658184
73.71093749999999,13.428305766935576,13.41560988434923,-0.0126958825863443,True,-0.0126958825863443
74.0,13.464842026536932,13.452023565545796,-0.0128184609911354,True,-0.0128184609911354
74.2890625,13.50139231338578,13.488520877191483,-0.0128714361942935,True,-0.0128714361942935
74.578125,13.53802611128943,13.525098189364009,-0.0129279219254208,True,-0.0129279219254208
74.8671875,13.574660238034792,13.561752451343756,-0.0129077866910364,True,-0.0129077866910364
75.15625,13.611392359610443,13.598481233837433,-0.0129111257730109,True,-0.0129111257730109
75.4453125,13.648124481186091,13.635282755368069,-0.0128417258180267,True,-0.0128417258180267
75.73437499999999,13.684942130743831,13.672155892759092,-0.0127862379847385,True,-0.0127862379847385
76.0234375,13.721773371957635,13.70910017593093,-0.0126731960267065,True,-0.0126731960267065
76.31249999999999,13.758676800806358,13.746115767508956,-0.0125610332974025,True,-0.0125610332974025
76.6015625,13.795607968422203,13.783203428007054,-0.0124045404151489,True,-0.0124045404151489
76.89062499999999,13.832597763080011,13.82036446759591,-0.0122332954841011,True,-0.0122332954841011
77.1796875,13.869629674865667,13.85760068568653,-0.0120289891791386,True,-0.0120289891791386
77.46875,13.906706428310738,13.89491429975302,-0.0117921285577183,True,-0.0117921285577183
77.7578125,13.943839913249148,13.932307864981846,-0.0115320482673014,True,-0.0115320482673014
78.046875,13.98100422501387,13.969784186465342,-0.0112200385485265,True,-0.0112200385485265
78.3359375,14.018240123519684,14.00734622575366,-0.0108938977660226,True,-0.0108938977660226
78.625,14.055492599786408,14.044997003640962,-0.0104955961454482,True,-0.0104955961454482
78.9140625,14.092831763927885,14.08273950108792,-0.010092262839963,True,-0.010092262839963
79.203125,14.130173017626252,14.120576560174936,-0.009596457451317,True,-0.009596457451317
79.49218749999999,14.167616311352775,14.158510786939242,-0.0091055244135357,True,-0.0091055244135357
79.78125,14.205059605079304,14.1965444578764,-0.0085151472029032,True,-0.0085151472029032
80.07031249999999,14.242595261634024,14.234679431785436,-0.0079158298485863,True,-0.0079158298485863
80.359375,14.280143561009334,14.27291706850883,-0.0072264925005029,True,-0.0072264925005029
80.64843749999999,14.31777012991171,14.311258155967874,-0.0065119739438342,True,-0.0065119739438342
80.9375,14.355424323353052,14.349702846723464,-0.0057214766295884,True,-0.0057214766295884
81.2265625,14.393142450973954,14.3882506051061,-0.0048918458678548,True,-0.0048918458678548
81.515625,14.430903439497351,14.426900165760705,-0.0040032737366503,True,-0.0040032737366503
81.8046875,14.468713779612507,14.465649504245448,-0.0030642753670595,True,-0.0030642753670595
82.09375,14.506582477084327,14.504495820113023,-0.0020866569713038,True,-0.0020866569713038
82.3828125,14.544485690986589,14.54343553269181,-0.001050158294779,True,-0.001050158294779
82.67187499999999,14.582463024381578,14.582464289576462,1.265194882887899e-06,True,1.265194882887899e-06
82.9609375,14.620459780995184,14.621576987635644,0.0011172066404583,True,0.0011172066404583
83.24999999999999,14.658546690661234,14.660767806153157,0.0022211154919217,True,0.0022211154919217
83.5390625,14.69663766665806,14.700030251538864,0.0033925848808048,True,0.0033925848808048
83.82812499999999,14.73483510658788,14.739357212881332,0.0045221062934513,True,0.0045221062934513
84.1171875,14.773032546517706,14.77874102746633,0.005708480948623,True,0.005708480948623
84.40625,14.811329924615643,14.818173555255845,0.0068436306401992,True,0.0068436306401992
84.6953125,14.84963886272557,14.857646261213146,0.0080073984875753,True,0.0080073984875753
84.984375,14.88803281939472,14.897150304270316,0.0091174848755957,True,0.0091174848755957
85.2734375,14.926454237810876,14.936676631667218,0.0102223938563423,True,0.0102223938563423
85.5625,14.964945488187611,14.976216077344302,0.0112705891566894,True,0.0112705891566894
85.85156249999999,15.003480383539708,15.015759463046347,0.0122790795066395,True,0.0122790795066395
86.140625,15.04206965129536,15.05529770078904,0.0132280494936805,True,0.0132280494936805
86.42968749999999,15.08071903501832,15.094821895354794,0.0141028603364741,True,0.0141028603364741
86.71875,15.119407052494047,15.134323445517182,0.0149163930231351,True,0.0149163930231351
87.00781249999999,15.158171951137774,15.173794142742882,0.0156221916051066,True,0.0156221916051066
87.296875,15.1969594594819,15.21322626618552,0.0162668067036179,True,0.0162668067036179
87.5859375,15.2358409150294,15.252612672864736,0.0167717578353331,True,0.0167717578353331
87.875,15.274728664337257,15.291946882014312,0.0172182176770546,True,0.0172182176770546
88.1640625,15.313727734531415,15.331223152684368,0.0174954181529508,True,0.0174954181529508
88.453125,15.352726804725576,15.370436553791055,0.0177097490654809,True,0.0177097490654809
88.7421875,15.391834242667114,15.409583025922084,0.0177487832549692,True,0.0177487832549692
89.03124999999999,15.430952001346496,15.448659434325304,0.0177074329788078,True,0.0177074329788078
89.3203125,15.47016229813484,15.487663612628577,0.0175013144937379,True,0.0175013144937379
89.60937499999999,15.509399835578632,15.526594396960633,0.0171945613819998,True,0.0171945613819998
89.8984375,15.54871378581018,15.565451650262858,0.0167378644526788,True,0.0167378644526788
90.1875,15.5880722090928,15.604236276699178,0.0161640676063796,True,0.0161640676063796
90.4765625,15.627490617260754,15.642950226184258,0.0154596089235042,True,0.0154596089235042
90.765625,15.666971050616263,15.681596489157588,0.0146254385413255,True,0.0146254385413255
91.0546875,15.706494731273915,15.720179081831958,0.0136843505580408,True,0.0136843505580408
91.34375,15.746098316470762,15.758703022237572,0.0126047057668089,True,0.0126047057668089
91.6328125,15.785728094397884,15.797174297468173,0.011446203070288,True,0.011446203070288
91.921875,15.82545599112414,15.83559982261103,0.0101438314868904,True,0.0101438314868904
92.2109375,15.865192701496548,15.87398739190903,0.0087946904124801,True,0.0087946904124801
92.5,15.905046087756146,15.912345622759926,0.0072995350037796,True,0.0072995350037796
92.7890625,15.944899474015742,15.95068389320466,0.0057844191889179,True,0.0057844191889179
93.078125,15.984870648838804,15.989012273593932,0.0041416247551287,True,0.0041416247551287
93.3671875,16.024850721359105,16.02734145315022,0.0024907317911181,True,0.0024907317911181
93.65625,16.064931746731812,16.06568266216087,0.0007509154290596,True,0.0007509154290596
93.9453125,16.105039721382912,16.10404759054801,-0.0009921308349036,True,-0.0009921308349036
94.234375,16.145231484293426,16.142448303562638,-0.0027831807307872,True,-0.0027831807307872
94.5234375,16.185468596519602,16.180897155344496,-0.0045714411751052,True,-0.0045714411751052
94.8125,16.225771995507337,16.219406701076558,-0.0063652944307796,True,-0.0063652944307796
95.1015625,16.26613950077105,16.257989608443747,-0.0081498923273047,True,-0.0081498923273047
95.390625,16.306555446126023,16.296658569081437,-0.009896877044585,True,-0.009896877044585
95.6796875,16.347054620365054,16.335426210669553,-0.0116284096955028,True,-0.0116284096955028
95.96875,16.387584034331194,16.374305010295526,-0.0132790240356672,True,-0.0132790240356672
96.2578125,16.42821617442915,16.413307209672485,-0.0149089647566644,True,-0.0149089647566644
96.546875,16.468859991411712,16.452444732760473,-0.0164152586512381,True,-0.0164152586512381
96.8359375,16.50962641568263,16.491729106297942,-0.0178973093846873,True,-0.0178973093846873
97.125,16.55039283995355,16.531171383708692,-0.0192214562448576,True,-0.0192214562448576
97.4140625,16.59128763114713,16.57078207280719,-0.0205055583399373,True,-0.0205055583399373
97.703125,16.632189679834564,16.610571067683136,-0.0216186121514312,True,-0.0216186121514312
97.9921875,16.67320214287649,16.650547585103553,-0.0226545577729359,True,-0.0226545577729359
98.28125,16.714241178667628,16.69072010573032,-0.0235210729373075,True,-0.0235210729373075
98.5703125,16.75537230870654,16.73109632041072,-0.0242759882958208,True,-0.0242759882958208
98.859375,16.796549717261925,16.77168308176026,-0.024866635501667,True,-0.024866635501667
99.1484375,16.83780052302539,16.81248636122032,-0.0253141618050713,True,-0.0253141618050713
99.4375,16.87911771352483,16.85351121173833,-0.0256065017865021,True,-0.0256065017865021
99.7265625,16.92048921756498,16.894761736184662,-0.0257274813803172,True,-0.0257274813803172
100.015625,16.961947623270266,16.93624106158974,-0.0257065616805253,True,-0.0257065616805253
100.3046875,17.003440862214585,16.977951319255308,-0.0254895429592783,True,-0.0254895429592783
100.59375,17.045041941049615,17.019893630766138,-0.0251483102834751,True,-0.0251483102834751
100.8828125,17.08665796585699,17.062068099902827,-0.024589865954161,True,-0.024589865954161
101.171875,17.128403201005998,17.104473810431934,-0.0239293905740616,True,-0.0239293905740616
101.4609375,17.170148436155003,17.14710882972656,-0.0230396064284446,True,-0.0230396064284446
101.75,17.212033977752697,17.189970218148886,-0.0220637596038096,True,-0.0220637596038096
102.0390625,17.253924878277246,17.233054044105423,-0.0208708341718245,True,-0.0208708341718245
102.328125,17.295936887276543,17.276355404665317,-0.0195814826112264,True,-0.0195814826112264
102.6171875,17.3379749887521,17.31986845161323,-0.0181065371388684,True,-0.0181065371388684
102.90625,17.380114587867162,17.363586422788753,-0.016528165078411,True,-0.016528165078411
103.1953125,17.422301453039847,17.407501678546044,-0.0147997744938017,True,-0.0147997744938017
103.484375,17.46456978107296,17.451605743148566,-0.0129640379243935,True,-0.0129640379243935
103.7734375,17.506907000537428,17.495889350895382,-0.0110176496420436,True,-0.0110176496420436
104.0625,17.54930521268474,17.540342496756832,-0.0089627159279084,True,-0.0089627159279084
104.3515625,17.59179440558397,17.584954491278882,-0.0068399143050845,True,-0.0068399143050845
104.640625,17.63432367374804,17.629714019496532,-0.0046096542515097,True,-0.0046096542515097
104.9296875,17.676966488495854,17.674609203578246,-0.0023572849176083,True,-0.0023572849176083
105.21875,17.719628001605077,17.719627668904266,-3.327008113451768e-07,True,-3.327008113451768e-07
105.5078125,17.762426116632362,17.764756613263394,0.0023304966310332,True,0.0023304966310332
105.796875,17.805224231659643,17.809982878834475,0.0047586471748316,True,0.0047586471748316
106.0859375,17.848176205492955,17.855293026600886,0.0071168211079296,True,0.0071168211079296
106.375,17.891131330018542,17.900673412829455,0.0095420828109156,True,0.0095420828109156
106.6640625,17.934219719847434,17.94611026722863,0.0118905473811964,True,0.0118905473811964
106.953125,17.977333594674572,17.991589772386018,0.0142561777114469,True,0.0142561777114469
107.2421875,18.02055967490003,18.037098144071468,0.0165384691714377,True,0.0165384691714377
107.53125,18.063834073239605,18.082621711979904,0.018787638740296,True,0.018787638740296
107.8203125,18.10719913748882,18.128147000478094,0.0209478629892775,True,0.0209478629892775
108.109375,18.15063586581033,18.173660808911663,0.02302494310134,True,0.02302494310134
108.3984375,18.194141227321616,18.2191502910233,0.0250090637016822,True,0.0250090637016822
108.6875,18.237742126233087,18.264603033030085,0.0268609067969952,True,0.0268609067969952
108.9765625,18.281389118249823,18.31000712990861,0.0286180116587861,True,0.0286180116587861
109.265625,18.325156063407945,18.35535125943929,0.0301951960313476,True,0.0301951960313476
109.5546875,18.36894603958157,18.400624753568007,0.0316787139864396,True,0.0316787139864396
109.84375,18.412880942633176,18.445817666652967,0.0329367240197928,True,0.0329367240197928
110.1328125,18.45681584568479,18.490920840178013,0.0341049944932239,True,0.0341049944932239
110.421875,18.50092008699202,18.53592596352996,0.0350058765379371,True,0.0350058765379371
110.7109375,18.545024896548437,18.58082563045777,0.035800733909342,True,0.035800733909342
111.0,18.58927687878307,18.6256133908546,0.0363365120715254,True,0.0363365120715254
111.2890625,18.63355358142851,18.67028379753009,0.0367302161015763,True,0.0367302161015763
111.578125,18.67795476099614,18.714832447669824,0.0368776866736843,True,0.0368776866736843
111.8671875,18.722405382331928,18.759256018711,0.0368506363790689,True,0.0368506363790689
112.15625,18.766957238835225,18.803552298397904,0.036595059562678,True,0.036595059562678
112.4453125,18.81158384456105,18.847720208817893,0.036136364256846,True,0.036136364256846
112.734375,18.856287881290477,18.89175982425664,0.0354719429661656,True,0.0354719429661656
113.0234375,18.901092578324597,18.93567238275213,0.0345798044275383,True,0.0345798044275383
113.3125,18.94595032276111,18.979460291267312,0.0335099685062033,True,0.0335099685062033
113.6015625,18.990935260401084,19.023127124443384,0.0321918640423003,True,0.0321918640423003
113.890625,19.035948264731186,19.06667761693736,0.030729352206181,True,0.030729352206181
114.1796875,19.08111563585696,19.110117649388968,0.029002013532009,True,0.029002013532009
114.46875,19.126285477500403,19.153454228103005,0.0271687506026019,True,0.0271687506026019
114.7578125,19.17163751982168,19.1966954585726,0.0250579387509261,True,0.0250579387509261
115.046875,19.21698956214295,19.23985051300729,0.0228609508643451,True,0.0228609508643451
115.3359375,19.26250479932196,19.282929592065763,0.0204247927438026,True,0.0204247927438026
115.625,19.308043796671814,19.325943881026973,0.0179000843551525,True,0.0179000843551525
115.9140625,19.353721435177672,19.36890550066501,0.0151840654873426,True,0.0151840654873426
116.203125,19.39944971885466,19.411827453121,0.0123777342663326,True,0.0123777342663326
116.4921875,19.44529146396185,19.45472356309116,0.0094320991293056,True,0.0094320991293056
116.78125,19.49121141412262,19.49760841467208,0.0063970005494615,True,0.0063970005494615
117.0703125,19.53721900002742,19.540497284222944,0.0032782841955236,True,0.0032782841955236
117.359375,19.58333304713237,19.58340606961999,7.302248761567598e-05,True,7.302248761567598e-05
117.6484375,19.62950823760349,19.62635121629032,-0.0031570213131736,True,-0.0031570213131736
117.9375,19.67581886391793,19.66934964042063,-0.006469223497299,True,-0.006469223497299
118.2265625,19.72216345296408,19.71241864974196,-0.0097448032221197,True,-0.0097448032221197
118.515625,19.768673194117365,19.755575862293565,-0.0130973318238011,True,-0.0130973318238011
118.8046875,19.815189006672227,19.79883912356824,-0.0163498831039915,True,-0.0163498831039915
119.09375,19.86190045327789,19.842226422438337,-0.0196740308395539,True,-0.0196740308395539
119.3828125,19.90861189988355,19.88575580625554,-0.0228560936280097,True,-0.0228560936280097
119.671875,19.95550514524245,19.929445295509847,-0.026059849732609,True,-0.026059849732609
119.9609375,20.00242094458202,19.973312798423525,-0.0291081461584949,True,-0.0291081461584949
120.25,20.04949186462145,20.01737602584483,-0.0321158387766203,True,-0.0321158387766203
120.5390625,20.09661472239521,20.06165240679396,-0.0349623156012425,True,-0.0349623156012425
120.828125,20.14386529935321,20.10615900500127,-0.0377062943519405,True,-0.0377062943519405
121.1171875,20.191197981501094,20.150912436764308,-0.0402855447367879,True,-0.0402855447367879
121.40625,20.238630233357185,20.19592879043717,-0.0427014429200157,True,-0.0427014429200157
121.6953125,20.286175567953315,20.241223547852652,-0.0449520201006616,True,-0.0449520201006616
121.984375,20.333791549283838,20.286811507965307,-0.046980041318527,True,-0.046980041318527
122.2734375,20.38155242850836,20.33270671299176,-0.0488457155165995,True,-0.0488457155165995
122.5625,20.429354231365608,20.37892237731405,-0.0504318540515517,True,-0.0504318540515517
122.8515625,20.47733361355773,20.425470819402065,-0.0518627941556645,True,-0.0518627941556645
123.140625,20.52532336837346,20.47236339700248,-0.0529599713709784,True,-0.0529599713709784
123.4296875,20.573524280169792,20.51961044583509,-0.0539138343346977,True,-0.0539138343346977
123.71875,20.621725191966124,20.567221222030422,-0.0545039699356986,True,-0.0545039699356986
124.0078125,20.67012969524625,20.61520384853851,-0.0549258467077394,True,-0.0549258467077394
124.296875,20.71855523380883,20.66356526573432,-0.0549899680745112,True,-0.0549899680745112
124.5859375,20.7671552387986,20.712311186442555,-0.0548440523560449,True,-0.0548440523560449
124.875,20.815808574137293,20.76144605560182,-0.0543625185354702,True,-0.0543625185354702
125.1640625,20.86460640735009,20.81097301478631,-0.0536333925637809,True,-0.0536333925637809
125.453125,20.91349078474417,20.860893871800684,-0.0525969129434832,True,-0.0525969129434832
125.7421875,20.96248881746896,20.9112090755616,-0.0512797419073597,True,-0.0512797419073597
126.03125,21.01160755999328,20.961917696475943,-0.0496898635173326,True,-0.0496898635173326
126.3203125,21.060808209439305,21.01301741252147,-0.0477907969178362,True,-0.0477907969178362
126.609375,21.110164720600427,21.06450450122981,-0.0456602193706218,True,-0.0456602193706218
126.8984375,21.15957045107581,21.11637383776381,-0.0431966133120007,True,-0.0431966133120007
127.1875,21.20916821756421,21.16861889927143,-0.0405493182927853,True,-0.0405493182927853
127.4765625,21.25878154168956,21.22123177568505,-0.0375497660045111,True,-0.0375497660045111
127.765625,21.308624136254032,21.274203187120108,-0.0344209491339245,True,-0.0344209491339245
128.0546875,21.3584667308185,21.327522508006965,-0.0309442228115346,True,-0.0309442228115346
128.34375,21.408538700662906,21.381177798068272,-0.0273609025946315,True,-0.0273609025946315
128.6328125,21.45862978511397,21.4351558402268,-0.023473944887168,True,-0.023473944887168
128.921875,21.508918277833335,21.48944218549948,-0.0194760923338567,True,-0.0194760923338567
129.21093749999997,21.55926160618279,21.54402120489851,-0.0152404012842832,True,-0.0152404012842832
129.5,21.60976938246465,21.59887614832308,-0.0108932341415651,True,-0.0108932341415651
129.7890625,21.66036880420883,21.65398921038357,-0.0063795938252571,True,-0.0063795938252571
130.078125,21.71109868171093,21.709341603054764,-0.0017570786561664,True,-0.0017570786561664
130.36718749999997,21.76195814526589,21.764913635006643,0.0029554897407503,True,0.0029554897407503
130.65625,21.812913000179247,21.82068479741024,0.0077717972309966,True,0.0077717972309966
130.9453125,21.86403655647642,21.87663385596255,0.0125972994861299,True,0.0125972994861299
131.234375,21.91521932513814,21.932738948819456,0.0175196236813189,True,0.0175196236813189
131.5234375,21.966611131389858,21.98897769006963,0.0223665586797719,True,0.0223665586797719
131.8125,22.01802481194736,22.045327278325303,0.027302466377943,True,0.027302466377943
132.1015625,22.069689135592064,22.101764609950184,0.0320754743581182,True,0.0320754743581182
132.39062499999997,22.121353459236765,22.15826639638913,0.0369129371523661,True,0.0369129371523661
132.6796875,22.173278012557933,22.21480928501172,0.0415312724537896,True,0.0415312724537896
132.96875,22.225219235395727,22.27136998283119,0.0461507474354624,True,0.0461507474354624
133.2578125,22.277385389759942,22.327925382414605,0.050539992654662,True,0.050539992654662
133.54687499999997,22.329608012289786,22.38445268925734,0.0548446769675567,True,0.0548446769675567
133.8359375,22.38201908504653,22.44092954985992,0.0589104648133914,True,0.0589104648133914
134.125,22.43452773101719,22.49733417971398,0.0628064486967901,True,0.0628064486967901
134.4140625,22.487187113304508,22.55364549038209,0.0664583770775863,True,0.0664583770775863
134.703125,22.539986534492463,22.60984321483985,0.0698566803473896,True,0.0698566803473896
134.9921875,22.592897693421296,22.665908030241788,0.0730103368204899,True,0.0730103368204899
135.28125,22.64599277464929,22.72182167727349,0.075828902624201,True,0.075828902624201
135.57031249999997,22.699159255563,22.77756707526242,0.078407819699422,True,0.078407819699422
135.859375,22.752555019974515,22.83312843223894,0.0805734122644244,True,0.0805734122644244
136.1484375,22.805980448786126,22.888491349167023,0.0825109003808992,True,0.0825109003808992
136.4375,22.859682063391748,22.943642917601203,0.0839608542094541,True,0.0839608542094541
136.72656249999997,22.913383677997373,22.998571810071372,0.0851881320740044,True,0.0851881320740044
137.015625,22.96738293051443,23.053268362551577,0.0858854320371499,True,0.0858854320371499
137.3046875,23.02139571202745,23.107724648429038,0.0863289364015848,True,0.0863289364015848
137.59375,23.07566688828941,23.161934543458937,0.0862676551695237,True,0.0862676551695237
137.88281249999997,23.12999630926937,23.21589378126344,0.0858974719940668,True,0.0858974719940668
138.171875,23.18454345405381,23.26959999901284,0.0850565449590327,True,0.0850565449590327
138.4609375,23.23919514937801,23.3230527730095,0.0838576236314898,True,0.0838576236314898
138.74999999999997,23.29402240502892,23.376253643980156,0.0822312389512323,True,0.0822312389512323
139.0390625,23.34900217871366,23.429206131969,0.0802039532553366,True,0.0802039532553366
139.328125,23.40411378827728,23.481915740810532,0.077801952533256,True,0.077801952533256
139.6171875,23.459427620672056,23.53438995224608,0.0749623315740195,True,0.0749623315740195
139.90624999999997,23.51482793115005,23.58663820983036,0.07181027868031,True,0.07181027868031
140.1953125,23.57048198653012,23.638671892853036,0.0681899063229123,True,0.0681899063229123
140.484375,23.626175452254497,23.69050428057244,0.0643288283179444,True,0.0643288283179444
140.7734375,23.68217608683892,23.74215050712592,0.0599744202870039,True,0.0599744202870039
141.06249999999997,23.738176721423333,23.79362750753911,0.0554507861157752,True,0.0554507861157752
141.3515625,23.7945210433976,23.844953955307304,0.0504329119097035,True,0.0504329119097035
141.640625,23.85087481382244,23.89615019206237,0.0452753782399298,True,0.0452753782399298
141.92968749999997,23.90752830184453,23.94723814986996,0.0397098480254265,True,0.0397098480254265
142.21875,23.9642419741231,23.998241266721585,0.0339992925984834,True,0.0339992925984834
142.5078125,24.02120964490444,24.049184395796654,0.0279747508922165,True,0.0279747508922165
142.796875,24.078290203909237,24.10009370906848,0.021803505159245,True,0.021803505159245
143.08593749999997,24.13557720633333,24.15099659581724,0.0154193894839095,True,0.0154193894839095
143.375,24.19303186583736,24.201921556592545,0.0088896907551871,True,0.0088896907551871
143.6640625,24.25064348560609,24.252898093137684,0.0022546075315946,True,0.0022546075315946
143.953125,24.308479698924334,24.303956594750492,-0.0045231041738355,True,-0.0045231041738355
144.24218749999997,24.366421363394902,24.355128221510068,-0.0112931418848397,True,-0.0112931418848397
144.53125,24.424646834670536,24.406444784748427,-0.0182020499221099,True,-0.0182020499221099
144.8203125,24.48292411789067,24.457938625091565,-0.0249854927991052,True,-0.0249854927991052
145.10937499999997,24.541546814074184,24.509642488337214,-0.0319043257369713,True,-0.0319043257369713
145.3984375,24.600169510257704,24.5615893993792,-0.0385801108785006,True,-0.0385801108785006
145.6875,24.65919360559717,24.613812534331984,-0.0453810712651922,True,-0.0453810712651922
145.9765625,24.71822176917134,24.66634509095642,-0.051876678214921,True,-0.051876678214921
146.26562499999997,24.77760162414759,24.719220157439917,-0.0583814667076791,True,-0.0583814667076791
146.5546875,24.837043786655716,24.77247057954413,-0.0645732071115831,True,-0.0645732071115831
146.84375,24.89678575114919,24.82612882610248,-0.0706569250467081,True,-0.0706569250467081
147.1328125,24.95665074758949,24.88022685282954,-0.0764238947599492,True,-0.0764238947599492
147.42187499999997,25.016761355773934,24.934795964397185,-0.0819653913767468,True,-0.0819653913767468
147.7109375,25.07705833992894,24.98986667473928,-0.0871916651896571,True,-0.0871916651896571
148.0,25.13754431742004,25.045468565568783,-0.0920757518512518,True,-0.0920757518512518
148.28906249999997,25.198282778196084,25.10163014312977,-0.0966526350663112,True,-0.0966526350663112
148.578125,25.25915104952461,25.15837869326243,-0.1007723562621819,True,-0.1007723562621819
148.8671875,25.32034082838429,25.215740134931693,-0.1046006934525972,True,-0.1046006934525972
149.15625,25.381598524807877,25.273738872460576,-0.107859652347296,True,-0.107859652347296
149.44531249999997,25.443249834385924,25.332397646815547,-0.1108521875703739,True,-0.1108521875703739
149.734375,25.50490430205377,25.391737386414317,-0.1131669156394579,True,-0.1131669156394579
150.0234375,25.56702774605615,25.451777058063065,-0.1152506879930868,True,-0.1152506879930868
150.3125,25.62915119005852,25.51253351878032,-0.116617671278206,True,-0.116617671278206
150.60156249999997,25.691693149037015,25.574021369424795,-0.1176717796122217,True,-0.1176717796122217
150.890625,25.754299743533064,25.636252811212543,-0.1180469323205195,True,-0.1180469323205195
151.1796875,25.81726529647712,25.69923750638193,-0.1180277900951869,True,-0.1180277900951869
151.46874999999997,25.88036649270567,25.76298244443886,-0.1173840482668088,True,-0.1173840482668088
151.7578125,25.94376414279413,25.827491815586438,-0.116272327207699,True,-0.116272327207699
152.046875,26.00737185161761,25.89276689310781,-0.1146049585097931,True,-0.1146049585097931
152.3359375,26.071210379641595,25.95880592662522,-0.1124044530163743,True,-0.1124044530163743
152.62499999999997,26.135336997795548,26.02560404829508,-0.1097329495004691,True,-0.1097329495004691
152.9140625,26.199625474255555,26.093153194117264,-0.1064722801382908,True,-0.1064722801382908
153.203125,26.264283912557943,26.161442042627677,-0.102841869930273,True,-0.102841869930273
153.4921875,26.32903171037392,26.230455973304885,-0.0985757370690378,True,-0.0985757370690378
153.78124999999997,26.394235424075543,26.30017704704811,-0.094058377027438,True,-0.094058377027438
154.0703125,26.45945223193918,26.37058401107048,-0.0888682208687006,True,-0.0888682208687006
154.359375,26.525215253417628,26.441652330495163,-0.0835629229224664,True,-0.0835629229224664
154.64843749999997,26.59097827489608,26.51335424883748,-0.077624026058598,True,-0.077624026058598
154.9375,26.6572480638377,26.58565887940185,-0.0715891844358454,True,-0.0715891844358454
155.2265625,26.723585037859664,26.658532329414705,-0.0650527084449584,True,-0.0650527084449584
155.515625,26.79035951357863,26.73193785845229,-0.0584216551263311,True,-0.0584216551263311
155.80468749999997,26.85728573538168,26.80583607240487,-0.0514496629768108,True,-0.0514496629768108
156.09375,26.924576312505224,26.88018515384539,-0.0443911586598365,True,-0.0443911586598365
156.3828125,26.99210776897953,26.954941129244503,-0.037166639735027,True,-0.037166639735027
156.671875,27.059926282904485,27.030058172995133,-0.0298681099093513,True,-0.0298681099093513
156.96093749999997,27.128079697188543,27.10548894768384,-0.0225907495047007,True,-0.0225907495047007
157.25,27.196438424829296,27.181184979477813,-0.0152534453514846,True,-0.0152534453514846
157.5390625,27.265231304672227,27.257097066891145,-0.0081342377810794,True,-0.0081342377810794
157.828125,27.334142986401307,27.333175720560508,-0.0009672658407983,True,-0.0009672658407983
158.1171875,27.40359367668793,27.409371631006856,0.0057779543189279,True,0.0057779543189279
158.40625,27.47307153953368,27.48563616069689,0.0125646211632177,True,0.0125646211632177
158.6953125,27.54319927941873,27.561921856056863,0.0187225766381388,True,0.0187225766381388
158.98437499999997,27.61332701930378,27.6381829744438,0.0248559551400198,True,0.0248559551400198
159.2734375,27.684082046740265,27.714376020459525,0.0302939737192586,True,0.0302939737192586
159.5625,27.75490703189624,27.79046028541349,0.035553253517253,True,0.035553253517253
159.8515625,27.82627747405632,27.86639838321673,0.0401209091604078,True,0.0401209091604078
160.14062499999997,27.897820924605377,27.942156775534645,0.044335850929271,True,0.044335850929271
160.4296875,27.969822719911345,28.017706278656245,0.047883558744903,True,0.047883558744903
160.71875,28.042106954689125,28.093022544264187,0.0509155895750644,True,0.0509155895750644
161.0078125,28.114756716171687,28.168086506128777,0.0533297899570905,True,0.0533297899570905
161.29687499999997,28.187805234059468,28.242884784709315,0.0550795506498481,True,0.0550795506498481
161.5859375,28.26112028766308,28.317410041741635,0.0562897540785575,True,0.0562897540785575
161.875,28.334957856828403,28.391661277127497,0.0567034202990923,True,0.0567034202990923
162.16406249999997,28.408956282260068,28.465644060828694,0.0566877785686294,True,0.0566877785686294
162.453125,28.483609038266675,28.53937069300976,0.0557616547430875,True,0.0557616547430875
162.7421875,28.558309712547494,28.612860286370385,0.0545505738228889,True,0.0545505738228889
163.03125,28.633805266436045,28.686138765462186,0.052333499026138,True,0.052333499026138
163.32031249999997,28.7093008203246,28.759238778788475,0.0499379584638776,True,0.0499379584638776
163.609375,28.785595467921848,28.83219952063598,0.0466040527141338,True,0.0466040527141338
163.8984375,28.86196302552901,28.90506646087152,0.0431034353425043,True,0.0431034353425043
164.1875,28.93903118928323,28.977890982342903,0.0388597930596756,True,0.0388597930596756
164.47656249999997,29.016301683260952,29.05072992703402,0.0344282437730672,True,0.0344282437730672
164.765625,29.094166796059582,29.123645053719844,0.0294782576602571,True,0.0294782576602571
165.0546875,29.17237303228705,29.196702411525777,0.0243293792387237,True,0.0243293792387237
165.34374999999997,29.251059691426573,29.26997163549063,0.0189119440640594,True,0.0189119440640594
165.6328125,29.33023651178042,29.34352517193622,0.0132886601558017,True,0.0132886601558017
165.921875,29.409770556891715,29.41743744312918,0.0076668862374652,True,0.0076668862374652
166.2109375,29.48995502066517,29.49178396234817,0.0018289416829977,True,0.0018289416829977
166.49999999999997,29.57036361776364,29.566640412010724,-0.0037232057529153,True,-0.0037232057529153
166.7890625,29.65159520441488,29.64208169893168,-0.0095135054831961,True,-0.0095135054831961
167.078125,29.732906936530853,29.71818100204588,-0.0147259344849721,True,-0.0147259344849721
167.3671875,29.815227772907505,29.79500882899517,-0.0202189439123326,True,-0.0202189439123326
167.65624999999997,29.897548609284154,29.872632098819757,-0.0249165104643997,True,-0.0249165104643997
167.9453125,29.98092785350562,29.95111326857333,-0.0298145849322861,True,-0.0298145849322861
168.234375,30.06438296925716,30.03050952196818,-0.0338734472889803,True,-0.0338734472889803
168.52343749999997,30.14877538419852,30.11087203812265,-0.0379033460758647,True,-0.0379033460758647
168.8125,30.23341299977182,30.192245358102912,-0.0411676416689071,True,-0.0411676416689071
169.1015625,30.318855552436737,30.27466686620289,-0.044188686233848,True,-0.044188686233848
169.390625,30.404727404883857,30.35816640177485,-0.0465610031090066,True,-0.0465610031090066
169.67968749999997,30.491259286232427,30.442766015896453,-0.0484932703359725,True,-0.0484932703359725
169.96875,30.57842099908173,30.52847988523532,-0.0499411138464092,True,-0.0499411138464092
170.2578125,30.666083805226915,30.615314393152097,-0.0507694120748143,True,-0.0507694120748143
170.546875,30.754595309927304,30.7032683853781,-0.0513269245492019,True,-0.0513269245492019
170.83593749999997,30.843433240776047,30.79233360453381,-0.0510996362422383,True,-0.0510996362422383
171.125,30.933359258785988,30.882495304348467,-0.0508639544375202,True,-0.0508639544375202
171.4140625,31.0234193357268,30.973733040735876,-0.0496862949909276,True,-0.0496862949909276
171.70312499999997,31.114829932267625,31.066021632925477,-0.0488082993421526,True,-0.0488082993421526
171.9921875,31.20624052880846,31.159332283695846,-0.0469082451126159,True,-0.0469082451126159
172.28125,31.29913345945507,31.253633843477644,-0.0454996159774262,True,-0.0454996159774262
172.5703125,31.39210468239601,31.348894198757264,-0.043210483638742,True,-0.043210483638742
172.85937499999997,31.48640601301128,31.44508176090338,-0.0413242521078993,True,-0.0413242521078993
173.1484375,31.58102063345069,31.54216702734481,-0.0388536061058861,True,-0.0388536061058861
173.4375,31.67679495597539,31.64012418304217,-0.0366707729332199,True,-0.0366707729332199
173.7265625,31.77314333103231,31.738932706515325,-0.0342106245169865,True,-0.0342106245169865
174.01562499999997,31.870460160669158,31.83857894140968,-0.0318812192594761,True,-0.0318812192594761
174.3046875,31.96864124407672,31.939057591806836,-0.0295836522698836,True,-0.0295836522698836
174.59375,32.0675755318833,32.04037309729959,-0.0272024345837063,True,-0.0272024345837063
174.88281249999997,32.16769806456079,32.14254084234973,-0.0251572222110599,True,-0.0251572222110599
175.171875,32.26833077371202,32.24558815370662,-0.0227426200054003,True,-0.0227426200054003
175.4609375,32.37051469511447,32.34955503975964,-0.0209596553548338,True,-0.0209596553548338
175.75,32.47293344846809,32.45449462668318,-0.0184388217849135,True,-0.0184388217849135
176.03906249999997,32.57731158091421,32.56047324815586,-0.0168383327583537,True,-0.0168383327583537
176.328125,32.681689713360335,32.66757014832462,-0.0141195650357126,True,-0.0141195650357126
176.6171875,32.78833146100042,32.775876761551274,-0.0124546994491395,True,-0.0124546994491395
176.90625,32.895051534425754,32.88549553732064,-0.009555997105122,True,-0.009555997105122
177.19531249999997,33.00384263410685,32.99653828448203,-0.0073043496248287,True,-0.0073043496248287
177.484375,33.1130697393155,33.10912401570239,-0.0039457236131051,True,-0.0039457236131051
177.7734375,33.22414286029987,33.22337628057066,-0.0007665797292083,True,-0.0007665797292083
178.06249999999997,33.33606244705458,33.339419984140044,0.0033575370854618,True,0.0033575370854618
178.3515625,33.44956405446922,33.457377696737964,0.0078136422687405,True,0.0078136422687405
178.640625,33.564385630041826,33.57736547051282,0.0129798404709877,True,0.0129798404709877
178.9296875,33.68047797418635,33.699488188307924,0.0190102141215744,True,0.0190102141215744
179.21874999999997,33.79843971342016,33.82383448093013,0.0253947675099772,True,0.0253947675099772
179.5078125,33.91730316717332,33.95047125957751,0.0331680924041954,True,0.0331680924041954
179.796875,34.03867772465126,34.07943792095888,0.0407601963076237,True,0.0407601963076237
180.0859375,34.160513529043435,34.21074029332103,0.050226764277593,True,0.050226764277593
180.375,34.285615460233764,34.344344402027744,0.058728941793977,True,0.058728941793977
180.6640625,34.4107173914241,34.48017014333088,0.0694527519067775,True,0.0694527519067775
180.953125,34.53984431100756,34.618084964344824,0.0782406533372734,True,0.0782406533372734
181.2421875,34.66903968277456,34.75789765578124,0.0888579730066868,True,0.0888579730066868
181.53125,34.80204764096461,34.89935237150444,0.0973047305398294,True,0.0973047305398294
181.8203125,34.9357666767812,35.04212299520317,0.1063563184219712,True,0.1063563184219712
182.109375,35.07302198936329,35.18580797920424,0.1127859898409563,True,0.1127859898409563
182.3984375,35.21177600971742,35.32992578343029,0.1181497737128695,True,0.1181497737128695
182.6875,35.35370493114495,35.47391104347756,0.1202061123326131,True,0.1202061123326131
182.9765625,35.49810951948086,35.61711159550981,0.1190020760289539,True,0.1190020760289539
183.265625,35.64521230038347,35.758786481888485,0.1135741815050175,True,0.1135741815050175
183.5546875,35.79601974250861,35.898105054963466,0.1020853124548484,True,0.1020853124548484
183.84375,35.948888848300314,36.034147287040405,0.0852584387400975,True,0.0852584387400975
184.1328125,36.10703483133371,36.165905382065866,0.0588705507321499,True,0.0588705507321499
184.421875,36.26637859966608,36.29228676894103,0.0259081692749393,True,0.0259081692749393
184.7109375,36.43305167328023,36.41211853756866,-0.0209331357115746,True,-0.0209331357115746
185.0,36.5997247468944,36.524153356829935,-0.0755713900644564,True,-0.0755713900644564
