z_m,z_cm,B_T,B_mT
-0.013000000000000001,-1.3,0.0023933839305349176,2.3933839305349176
-0.0126703125,-1.26703125,0.0024497754438713368,2.449775443871337
-0.012340625,-1.2340625,0.0025068249749304987,2.5068249749304985
-0.0120109375,-1.20109375,0.002564521534799902,2.5645215347999017
-0.01168125,-1.168125,0.002622853207756864,2.622853207756864
-0.011351562499999999,-1.1351562499999999,0.0026818071335053223,2.6818071335053224
-0.011021875,-1.1021875,0.0027413694907425976,2.7413694907425974
-0.0106921875,-1.0692187499999999,0.0028015254821885135,2.8015254821885134
-0.0103625,-1.0362500000000001,0.002862259321212316,2.862259321212316
-0.0100328125,-1.0032812500000001,0.002923554220195401,2.923554220195401
-0.009703125,-0.9703125,0.002985392380769944,2.985392380769944
-0.0093734375,-0.93734375,0.003047754986074941,3.047754986074941
-0.00904375,-0.9043749999999999,0.0031106221951719983,3.1106221951719983
-0.0087140625,-0.8714062499999999,0.0031739731397633646,3.1739731397633646
-0.008384375,-0.8384375,0.003237785923353961,3.237785923353961
-0.0080546875,-0.8054687500000001,0.003302037622997773,3.302037622997773
-0.007725,-0.7725,0.003366704293766552,3.3667042937665523
-0.007395312499999999,-0.73953125,0.003431760976075551,3.4317609760755508
-0.007065624999999999,-0.7065625,0.003497181705996695,3.4971817059966948
-0.006735937499999999,-0.6735937499999999,0.003562939528684337,3.562939528684337
-0.00640625,-0.640625,0.003629006515032368,3.629006515032368
-0.0060765624999999995,-0.60765625,0.0036953537816739935,3.6953537816739934
-0.005746874999999999,-0.5746874999999999,0.0037619515144268383,3.7619515144268383
-0.005417187499999999,-0.5417187499999999,0.0038287689952763563,3.828768995276356
-0.005087500000000001,-0.50875,0.0038957746329794382,3.895774632979438
-0.0047578125,-0.47578125000000004,0.003962935997358168,3.962935997358168
-0.004428125,-0.4428125,0.004030219857340128,4.030219857340128
-0.0040984375,-0.40984374999999995,0.00409759222278749,4.0975922227874895
-0.00376875,-0.376875,0.0041650183901411715,4.165018390141172
-0.0034390624999999994,-0.34390624999999997,0.00423246299188993,4.232462991889929
-0.0031093749999999993,-0.3109374999999999,0.0042998900498563124,4.299890049856312
-0.002779687499999999,-0.27796874999999993,0.004367263032272722,4.367263032272723
-0.002449999999999999,-0.24499999999999988,0.0044345449146011625,4.434544914601163
-0.002120312499999999,-0.2120312499999999,0.004501698244029776,4.501698244029775
-0.0017906249999999988,-0.1790624999999999,0.004568685207558021,4.568685207558021
-0.001460937499999999,-0.14609374999999988,0.0046354677035607235,4.635467703560724
-0.0011312499999999984,-0.11312499999999984,0.004702007416698673,4.702007416698673
-0.0008015624999999985,-0.08015624999999985,0.004768265896021192,4.768265896021192
-0.00047187499999999834,-0.047187499999999834,0.00483420463608306,4.834204636083061
-0.0001421874999999982,-0.01421874999999982,0.004899785160875601,4.899785160875601
0.0,0.0,0.004927948543565599,4.927948543565599
0.0001875000000000019,0.01875000000000019,0.004964969110349031,4.96496911034903
0.0005171875000000003,0.05171875000000003,0.005029718329281032,5.029718329281032
0.0008468750000000004,0.08468750000000004,0.005093994958224705,5.093994958224704
0.0011765625000000007,0.11765625000000007,0.005157761526248236,5.157761526248236
0.0015062500000000004,0.15062500000000004,0.005220981045158462,5.220981045158461
0.001835937500000001,0.1835937500000001,0.005283617104881812,5.283617104881811
0.002165625000000001,0.2165625000000001,0.005345633969658413,5.345633969658413
0.002495312500000001,0.24953125000000012,0.0054069966746893025,5.406996674689302
0.002825,0.2825,0.005467671122862289,5.467671122862289
0.0031546875000000017,0.3154687500000002,0.0055276241811697685,5.527624181169768
0.003484375,0.3484375,0.00558682377642146,5.58682377642146
0.003814062500000002,0.38140625000000017,0.005645238989846962,5.645238989846962
0.00414375,0.414375,0.0057028401501773955,5.702840150177395
0.004473437500000002,0.4473437500000002,0.005759598924792261,5.759598924792261
0.004803125000000001,0.4803125000000001,0.0058154884085169145,5.815488408516915
0.005132812500000002,0.5132812500000002,0.005870483209658437,5.8704832096584365
0.0054625,0.54625,0.0059245595328721885,5.9245595328721885
0.005792187500000002,0.5792187500000002,0.00597769525845927,5.977695258459271
0.006121875000000001,0.6121875000000001,0.006029870017705256,6.029870017705256
0.0064515625000000024,0.6451562500000003,0.006081065263883817,6.081065263883817
0.006781250000000001,0.6781250000000001,0.006131264338564644,6.131264338564644
0.0071109375000000035,0.7110937500000003,0.006180452532883515,6.180452532883515
0.007440625000000001,0.7440625000000001,0.006228617143453226,6.228617143453226
0.007770312500000003,0.7770312500000003,0.006275747522617633,6.275747522617633
0.008100000000000001,0.8100000000000002,0.006321835122776227,6.321835122776227
0.0084296875,0.84296875,0.006366873534534548,6.366873534534548
0.008759375000000002,0.8759375000000003,0.006410858518464885,6.4108585184648845
0.009089062500000002,0.9089062500000001,0.0064537880302927364,6.453788030292737
0.00941875,0.941875,0.006495662239356726,6.495662239356727
0.0097484375,0.97484375,0.006536483540223122,6.536483540223122
0.010078125000000002,1.0078125000000002,0.006576256557370093,6.576256557370092
0.0104078125,1.04078125,0.0066149881428916625,6.614988142891662
0.010737500000000002,1.0737500000000002,0.006652687367206131,6.652687367206131
0.011067187499999999,1.10671875,0.006689365502788496,6.689365502788496
0.011396875000000004,1.1396875000000004,0.006725036000981054,6.725036000981054
0.011726562500000001,1.17265625,0.006759714461969971,6.7597144619699705
0.012056250000000003,1.2056250000000004,0.006793418598048709,6.793418598048709
0.012385937500000001,1.2385937500000002,0.006826168190320861,6.826168190320861
0.012715625000000005,1.2715625000000006,0.006857985039025203,6.857985039025203
0.0130453125,1.3045312500000001,0.006888892907694554,6.8888929076945535
0.013375000000000003,1.3375000000000004,0.006918917461386704,6.918917461386704
0.013704687500000002,1.3704687500000003,0.0069480861992505,6.9480861992505
0.014034375000000002,1.4034375000000001,0.00697642838171263,6.97642838171263
0.0143640625,1.43640625,0.007003974952590853,7.003974952590853
0.01469375,1.469375,0.007030758456457136,7.030758456457136
0.015023437500000002,1.5023437500000003,0.007056812951589325,7.0568129515893245
0.015353125,1.5353125,0.007082173918862548,7.082173918862548
0.015682812500000004,1.5682812500000005,0.0071068781669415505,7.10687816694155
0.0160125,1.60125,0.007130963734142565,7.130963734142565
0.0163421875,1.6342187500000003,0.007154469787337991,7.154469787337991
0.016671875000000003,1.6671875000000005,0.007177436518279639,7.177436518279639
0.017001562500000005,1.7001562500000007,0.007199905037716017,7.199905037716017
0.01733125,1.7331250000000002,0.007221917267676777,7.221917267676777
0.017660937500000005,1.7660937500000005,0.007243515832292754,7.243515832292753
0.017990625000000003,1.7990625000000002,0.007264743947513452,7.264743947513452
0.018320312500000005,1.8320312500000004,0.007285645310075185,7.285645310075185
0.01865,1.865,0.0073062639860629955,7.306263986062995
0.018979687500000002,1.8979687500000002,0.007326644299397655,7.326644299397655
0.019309375000000004,1.9309375000000004,0.007346830720566038,7.346830720566038
0.019639062500000005,1.9639062500000006,0.0073668677558991905,7.36686775589919
0.01996875,1.9968750000000002,0.00738679983768724,7.38679983768724
0.0202984375,2.02984375,0.007406671215404808,7.406671215404808
0.020628125000000004,2.0628125000000006,0.007426525848304345,7.426525848304345
0.020957812500000006,2.095781250000001,0.007446407299618586,7.446407299618587
0.0212875,2.12875,0.007466358632596788,7.466358632596788
0.021617187500000003,2.1617187500000004,0.007486422308583195,7.486422308583195
0.021946875000000008,2.194687500000001,0.007506640087330214,7.506640087330214
0.02227656250000001,2.227656250000001,0.007527052929723353,7.527052929723353
0.022606250000000005,2.2606250000000006,0.00754770090308011,7.54770090308011
0.022935937500000003,2.2935937500000003,0.007568623089171005,7.5686230891710045
0.023265625000000005,2.3265625000000005,0.007589857495097889,7.589857495097889
0.02359531250000001,2.359531250000001,0.0076114409671524975,7.611440967152498
0.023925000000000002,2.3925,0.007633409107767373,7.633409107767373
0.024254687500000004,2.4254687500000003,0.0076557961956614075,7.655796195661408
0.024584375000000006,2.4584375000000005,0.007678635109273935,7.678635109273935
0.0249140625,2.4914062500000003,0.007701957253573842,7.701957253573842
0.02524375,2.524375,0.00772579249032453,7.72579249032453
0.025573437500000004,2.5573437500000007,0.007750169071880782,7.750169071880782
0.025903125000000006,2.590312500000001,0.007775113578590422,7.775113578590422
0.0262328125,2.6232812500000002,0.007800650859871577,7.800650859871577
0.026562500000000003,2.6562500000000004,0.007826803979035563,7.826803979035563
0.026892187500000008,2.689218750000001,0.007853594161925664,7.853594161925664
0.02722187500000001,2.722187500000001,0.00788104074944366,7.8810407494436605
0.027551562500000005,2.7551562500000006,0.007909161154037999,7.909161154037999
0.027881250000000007,2.788125000000001,0.007937970820231007,7.937970820231007
0.028210937500000005,2.8210937500000006,0.007967483189266149,7.967483189266149
0.02854062500000001,2.8540625000000013,0.007997709667960992,7.997709667960993
0.028870312500000002,2.88703125,0.008028659601856303,8.028659601856303
0.029200000000000004,2.9200000000000004,0.00806034025275692,8.06034025275692
0.029529687500000006,2.9529687500000006,0.008092756780765112,8.09275678076511
0.029859375,2.9859375000000004,0.008125912230912417,8.125912230912416
0.0301890625,3.01890625,0.008159807524500625,8.159807524500625
0.030518750000000004,3.051875000000001,0.00819444145526695,8.194441455266949
0.030848437500000006,3.084843750000001,0.008229810690492126,8.229810690492126
0.031178125,3.1178125000000003,0.008265909777172873,8.265909777172872
0.0315078125,3.1507812500000005,0.008302731153382014,8.302731153382014
0.03183750000000001,3.183750000000001,0.00834026516493976,8.340265164939758
0.03216718750000001,3.2167187500000005,0.008378500087518908,8.378500087518907
0.032496875,3.2496875000000003,0.008417422154304003,8.417422154304003
0.0328265625,3.2826562500000005,0.008457015589319833,8.457015589319832
0.033156250000000005,3.3156250000000007,0.008497262646538582,8.497262646538582
0.03348593750000001,3.348593750000001,0.008538143654866123,8.538143654866122
0.033815625,3.3815625000000007,0.008579637069097293,8.579637069097293
0.034145312500000004,3.4145312500000005,0.008621719526916819,8.621719526916818
0.03447500000000001,3.447500000000001,0.008664365912006766,8.664365912006765
0.0348046875,3.48046875,0.008707549423303604,8.707549423303604
0.03513437500000001,3.5134375000000007,0.008751241650426851,8.75124165042685
0.035464062500000004,3.5464062500000004,0.00879541265527825,8.79541265527825
0.035793750000000006,3.5793750000000006,0.008840031059784429,8.84003105978443
0.0361234375,3.6123437500000004,0.00888506413972763,8.88506413972763
0.036453125,3.6453125,0.008930477924578299,8.930477924578298
0.036782812500000005,3.678281250000001,0.008976237303210156,8.976237303210157
0.0371125,3.7112499999999997,0.00902230613534302,9.02230613534302
0.0374421875,3.7442187500000004,0.009068647368521464,9.068647368521464
0.037771875,3.7771875,0.009115223160398311,9.115223160398312
0.038101562500000005,3.810156250000001,0.009161995006051494,9.161995006051493
0.03843125000000001,3.8431250000000006,0.009208923870021049,9.20892387002105
0.038760937499999995,3.87609375,0.00925597032271071,9.25597032271071
0.039090625000000004,3.9090625000000006,0.009303094680755382,9.303094680755382
0.03942031250000001,3.942031250000001,0.009350257150912825,9.350257150912824
0.03975000000000001,3.975000000000001,0.00939741797699533,9.39741797699533
0.04007968750000001,4.007968750000001,0.009444537589315,9.444537589315
0.040409375,4.0409375,0.00949157675607608,9.49157675607608
0.040739062500000006,4.07390625,0.0095384967361086,9.5384967361086
0.04106875,4.1068750000000005,0.00958525943230133,9.58525943230133
0.0413984375,4.13984375,0.009631827545058036,9.631827545058036
0.041728125000000005,4.172812500000001,0.00967816472507062,9.67816472507062
0.0420578125,4.20578125,0.009724235724675814,9.724235724675813
0.0423875,4.2387500000000005,0.009770006547039436,9.770006547039436
0.0427171875,4.271718750000001,0.009815444592394204,9.815444592394204
0.043046875000000005,4.304687500000001,0.009860518800544041,9.86051880054404
0.04337656250000001,4.337656250000001,0.009905199788840116,9.905199788840116
0.043706249999999995,4.3706249999999995,0.0099494599848321,9.9494599848321
0.044035937500000004,4.403593750000001,0.009993273752801799,9.993273752801798
0.04436562500000001,4.436562500000001,0.0100366175133969,10.0366175133969
0.04469531250000001,4.469531250000001,0.010079469855598816,10.079469855598816
0.04502500000000001,4.5025,0.010121811640281718,10.121811640281718
0.0453546875,4.53546875,0.01016362609464904,10.16362609464904
0.045684375000000006,4.568437500000001,0.01020489889686969,10.20489889686969
0.0460140625,4.60140625,0.010245618250278008,10.245618250278008
0.04634375,4.634375,0.010285774946549501,10.285774946549502
0.046673437500000005,4.667343750000001,0.010325362417318245,10.325362417318246
0.047003125,4.7003125,0.010364376773761015,10.364376773761014
0.0473328125,4.73328125,0.010402816833737132,10.402816833737132
0.047662500000000003,4.76625,0.01044068413614211,10.44068413614211
0.047992187500000005,4.7992187500000005,0.010477982942205524,10.477982942205523
0.04832187500000001,4.832187500000001,0.010514720223539808,10.514720223539808
0.048651562499999995,4.86515625,0.010550905636825592,10.550905636825592
0.048981250000000004,4.898125,0.010586551485100149,10.586551485100149
0.04931093750000001,4.931093750000001,0.010621672665698141,10.62167266569814
0.04964062500000001,4.964062500000001,0.010656286604977012,10.656286604977012
0.04997031250000001,4.997031250000001,0.0106904131800428,10.6904131800428
0.0503,5.03,0.01072407462777462,10.72407462777462
0.050629687500000006,5.0629687500000005,0.010757295441527535,10.757295441527535
0.050959375,5.095937500000001,0.010790102255972777,10.790102255972776
0.05128906250000001,5.128906250000001,0.010822523720610676,10.822523720610675
0.051618750000000005,5.161875000000001,0.010854590362565161,10.85459036256516
0.0519484375,5.19484375,0.010886334439337939,10.886334439337938
0.05227812500000001,5.2278125000000015,0.010917789782265474,10.917789782265473
0.052607812500000004,5.260781250000001,0.010948991631482045,10.948991631482045
0.0529375,5.29375,0.010979976463246863,10.979976463246864
0.05326718750000001,5.326718750000001,0.011010781810542516,11.010781810542516
0.053596874999999995,5.3596875,0.011041446077894894,11.041446077894893
0.05392656250000001,5.392656250000002,0.01107200835140223,11.07200835140223
0.05425625000000001,5.425625000000001,0.011102508204990879,11.102508204990878
0.0545859375,5.45859375,0.01113298550394007,11.13298550394007
0.054915625000000017,5.4915625000000015,0.01116348020673528,11.16348020673528
0.0552453125,5.52453125,0.011194032166320648,11.194032166320648
0.055575000000000006,5.557500000000001,0.0112246809318259,11.2246809318259
0.05590468750000001,5.590468750000001,0.011255465551840808,11.255465551840809
0.056234375,5.6234375000000005,0.011286424380302378,11.286424380302378
0.0565640625,5.65640625,0.01131759488604567,11.317594886045669
0.05689375,5.689375,0.011349013467048827,11.349013467048826
0.0572234375,5.72234375,0.011380715270377281,11.38071527037728
0.05755312500000001,5.755312500000001,0.01141273401880072,11.41273401880072
0.057882812500000005,5.788281250000001,0.01144510184502002,11.44510184502002
0.0582125,5.82125,0.01147784913440018,11.47784913440018
0.05854218750000001,5.854218750000001,0.011511004377059333,11.511004377059333
0.058871875000000004,5.8871875000000005,0.011544594030113821,11.54459403011382
0.059201562500000006,5.920156250000001,0.011578642390825069,11.578642390825069
0.05953125000000001,5.953125000000001,0.011613171481336275,11.613171481336275
0.05986093750000001,5.986093750000001,0.011648200945625378,11.648200945625378
0.06019062500000001,6.019062500000001,0.01168374795923649,11.68374795923649
0.060520312500000006,6.052031250000001,0.011719827152284482,11.719827152284482
0.06085,6.085000000000001,0.011756450546157477,11.756450546157476
0.06117968750000001,6.117968750000001,0.01179362750426983,11.79362750426983
0.061509375000000005,6.150937500000001,0.01183136469714363,11.831364697143629
0.0618390625,6.18390625,0.011869666082020927,11.869666082020927
0.06216875000000001,6.216875000000002,0.011908532897130961,11.90853289713096
0.062498437500000004,6.24984375,0.011947963670658255,11.947963670658256
0.062828125,6.2828125,0.011987954244377435,11.987954244377436
0.06315781250000001,6.315781250000001,0.012028497811840603,12.028497811840602
0.0634875,6.34875,0.012069584970922505,12.069584970922504
0.06381718750000001,6.381718750000001,0.012111203790448354,12.111203790448354
0.064146875,6.414687500000001,0.012153339890549302,12.1533398905493
0.0644765625,6.4476562500000005,0.012195976536311605,12.195976536311605
0.06480625000000001,6.480625000000001,0.012239094744207693,12.239094744207693
0.06513593750000002,6.513593750000002,0.01228267340072145,12.28267340072145
0.065465625,6.5465625,0.012326689392506406,12.326689392506406
0.06579531250000001,6.579531250000001,0.012371117747344172,12.371117747344172
0.066125,6.612500000000001,0.012415931785102923,12.415931785102924
0.0664546875,6.645468749999999,0.01246110327783138,12.46110327783138
0.066784375,6.678437500000001,0.01250660261806384,12.50660261806384
0.0671140625,6.7114062500000005,0.012552398994356785,12.552398994356786
0.06744375000000001,6.744375000000002,0.012598460573027593,12.598460573027593
0.0677734375,6.77734375,0.012644754685021799,12.644754685021798
0.068103125,6.810312500000001,0.012691248016797801,12.6912480167978
0.06843281250000001,6.843281250000001,0.012737906804086548,12.737906804086547
0.0687625,6.876250000000001,0.012784697027360268,12.784697027360268
0.0690921875,6.90921875,0.012831584607827818,12.831584607827818
0.06942187500000002,6.942187500000002,0.012878535602766056,12.878535602766055
0.0697515625,6.975156250000001,0.012925516398996448,12.925516398996448
0.07008125000000001,7.0081250000000015,0.012972493903324367,12.972493903324366
0.0704109375,7.041093750000001,0.013019435728775529,13.019435728775528
0.070740625,7.0740625,0.013066310375489016,13.066310375489016
0.07107031250000001,7.107031250000002,0.013113087405160645,13.113087405160645
0.0714,7.140000000000001,0.013159737607972347,13.159737607972348
0.0717296875,7.17296875,0.013206233160994056,13.206233160994056
0.07205937500000001,7.205937500000001,0.01325254777710265,13.252547777102649
0.0723890625,7.238906250000001,0.013298656843528274,13.298656843528274
0.07271875,7.2718750000000005,0.013344537549211354,13.344537549211353
0.07304843750000001,7.304843750000001,0.013390169000232188,13.390169000232188
0.073378125,7.3378125,0.013435532322660194,13.435532322660194
0.07370781250000003,7.370781250000002,0.01348061075225922,13.48061075225922
0.0740375,7.403750000000001,0.0135253897105793,13.5253897105793
0.0743671875,7.436718750000001,0.013569856867062398,13.569856867062397
0.07469687500000001,7.469687500000001,0.013614002186888824,13.614002186888824
0.07502656250000002,7.502656250000001,0.013657817964392477,13.657817964392477
0.07535625,7.5356250000000005,0.013701298841974,13.701298841974
0.07568593750000001,7.568593750000002,0.013744441814542412,13.744441814542412
0.076015625,7.6015625,0.013787246219615221,13.787246219615222
0.07634531250000001,7.634531250000001,0.013829713713304754,13.829713713304754
0.07667500000000001,7.667500000000001,0.013871848232512482,13.871848232512482
0.0770046875,7.700468750000001,0.01391365594374394,13.913655943743938
0.07733437500000001,7.733437500000001,0.013955145179042403,13.955145179042402
0.0776640625,7.76640625,0.01399632635961992,13.99632635961992
0.07799375,7.799375000000001,0.014037211907838966,14.037211907838966
0.07832343750000001,7.8323437500000015,0.014077816148265814,14.077816148265814
0.078653125,7.865312500000001,0.014118155198577996,14.118155198577997
0.0789828125,7.89828125,0.014158246851162121,14.15824685116212
0.07931250000000002,7.931250000000002,0.014198110446284792,14.198110446284792
0.0796421875,7.964218750000001,0.014237766737758244,14.237766737758244
0.07997187500000001,7.997187500000002,0.014277237752053673,14.277237752053672
0.0803015625,8.030156250000001,0.014316546641838724,14.316546641838723
0.08063125000000002,8.063125000000001,0.014355717534931997,14.355717534931996
0.08096093750000001,8.096093750000001,0.014394775379676143,14.394775379676142
0.081290625,8.129062500000002,0.01443374578773318,14.43374578773318
0.0816203125,8.16203125,0.014472654875300795,14.472654875300794
0.08195000000000001,8.195,0.01451152910373718,14.51152910373718
0.0822796875,8.22796875,0.014550395120565156,14.550395120565156
0.082609375,8.2609375,0.014589279601803538,14.589279601803538
0.08293906250000001,8.293906250000001,0.014628209096546297,14.628209096546296
0.08326875,8.326875,0.014667209874677883,14.667209874677882
0.08359843750000003,8.359843750000001,0.01470630777857682,14.70630777857682
0.083928125,8.392812500000002,0.01474552807961968,14.74552807961968
0.0842578125,8.42578125,0.014784895340254399,14.784895340254398
0.08458750000000001,8.45875,0.014824433282365752,14.824433282365751
0.08491718750000002,8.491718750000002,0.014864164662607376,14.864164662607376
0.085246875,8.5246875,0.014904111155323871,14.904111155323871
0.08557656250000001,8.55765625,0.014944293243634103,14.944293243634103
0.08590625,8.590625000000001,0.014984730119192585,14.984730119192584
0.08623593750000001,8.623593750000001,0.015025439591090536,15.025439591090535
0.08656562500000001,8.656562500000001,0.015066438004301385,15.066438004301386
0.0868953125,8.68953125,0.01510774016801807,15.107740168018069
0.08722500000000001,8.722500000000002,0.015149359294171045,15.149359294171044
0.0875546875,8.75546875,0.015191306946356786,15.191306946356786
0.087884375,8.7884375,0.015233592999346901,15.2335929993469
0.08821406250000001,8.82140625,0.015276225609287764,15.276225609287764
0.08854375,8.854375000000001,0.01531921119464015,15.31921119464015
0.0888734375,8.88734375,0.015362554427847461,15.36255442784746
0.08920312500000002,8.920312500000001,0.01540625823766023,15.40625823766023
0.0895328125,8.953281250000002,0.015450323821983893,15.450323821983892
0.08986250000000001,8.986250000000002,0.015494750671055832,15.494750671055831
0.0901921875,9.01921875,0.015539536600697876,15.539536600697875
0.090521875,9.0521875,0.015584677795330711,15.58467779533071
0.0908515625,9.08515625,0.015630168860377977,15.630168860377976
0.09118125,9.118125000000001,0.01567600288363113,15.676002883631131
0.0915109375,9.15109375,0.015722171505090005,15.722171505090005
0.09184062500000001,9.184062500000001,0.015768664994741218,15.768664994741217
0.09217031249999999,9.21703125,0.015815472337685377,15.815472337685376
0.0925,9.25,0.01586258132597676,15.86258132597676
0.09282968750000001,9.28296875,0.015909978656494378,15.909978656494378
0.093159375,9.3159375,0.01595765003412427,15.957650034124269
0.09348906250000003,9.348906250000002,0.016005580279496535,16.005580279496535
0.09381874999999999,9.381874999999999,0.01605375344049144,16.053753440491437
0.0941484375,9.414843750000001,0.016102152906703592,16.10215290670359
0.09447812500000001,9.447812500000001,0.01615076152603575,16.150761526035748
0.0948078125,9.48078125,0.01619956172258154,16.199561722581542
0.0951375,9.51375,0.01624853561495233,16.24853561495233
0.0954671875,9.54671875,0.016297665134205674,16.297665134205673
0.095796875,9.5796875,0.01634693214054349,16.34693214054349
0.09612656250000001,9.61265625,0.01639631853796599,16.396318537965993
0.09645625,9.645625,0.01644580638609272,16.44580638609272
0.0967859375,9.678593750000001,0.016495378008396098,16.4953780083961
0.097115625,9.7115625,0.016545016096132972,16.545016096132972
0.0974453125,9.744531250000001,0.016594703807307973,16.594703807307972
0.097775,9.777500000000002,0.016644424860057083,16.644424860057082
0.0981046875,9.81046875,0.016694163619900202,16.694163619900202
0.098434375,9.8434375,0.016743905180377903,16.743905180377904
0.0987640625,9.87640625,0.016793635436658107,16.793635436658107
0.09909375000000001,9.909375,0.016843341151772932,16.843341151772933
0.0994234375,9.942343750000001,0.01689301001522297,16.89301001522297
0.099753125,9.975312500000001,0.016942630693765164,16.942630693765164
0.1000828125,10.008281250000001,0.016992192874279888,16.992192874279887
0.1004125,10.04125,0.017041687298691478,17.04168729869148
0.1007421875,10.07421875,0.017091105790993516,17.091105790993517
0.101071875,10.107187500000002,0.01714044127650451,17.14044127650451
0.1014015625,10.14015625,0.017189687793549645,17.189687793549645
0.10173125000000001,10.173125,0.017238840497829575,17.238840497829575
0.10206093749999999,10.20609375,0.017287895659796267,17.287895659796266
0.102390625,10.239062500000001,0.017336850655408652,17.33685065540865
0.10272031250000001,10.272031250000001,0.017385703950685196,17.385703950685194
0.10305,10.305,0.01743445508050774,17.43445508050774
0.10337968750000003,10.337968750000002,0.017483104622158782,17.48310462215878
0.10370937499999999,10.3709375,0.017531654164093906,17.531654164093904
0.1040390625,10.40390625,0.017580106270461703,17.5801062704617
0.10436875000000001,10.436875,0.01762846444188529,17.62846444188529
0.1046984375,10.46984375,0.017676733073012835,17.676733073012834
0.105028125,10.502812500000001,0.017724917407330305,17.724917407330306
0.1053578125,10.53578125,0.017773023489707426,17.773023489707427
0.1056875,10.568750000000001,0.017821058117119967,17.821058117119968
0.10601718750000001,10.601718750000002,0.017869028787957347,17.869028787957348
0.106346875,10.6346875,0.017916943650286742,17.916943650286743
0.1066765625,10.66765625,0.01796481144940291,17.964811449402912
0.10700625,10.700625,0.01801264147495002,18.01264147495002
0.1073359375,10.73359375,0.018060443507856867,18.060443507856867
0.10766562500000001,10.766562500000001,0.018108227767283828,18.10822776728383
0.1079953125,10.799531250000001,0.01815600485773731,18.15600485773731
0.108325,10.832500000000001,0.018203785716469006,18.203785716469007
0.1086546875,10.86546875,0.018251581561241927,18.251581561241927
0.10898437500000001,10.8984375,0.01829940383851578,18.29940383851578
0.1093140625,10.931406250000002,0.018347264172079932,18.34726417207993
0.10964375,10.964375,0.018395174312145192,18.39517431214519
0.10997343750000001,10.99734375,0.01844314608489503,18.44314608489503
0.110303125,11.0303125,0.018491191342493964,18.491191342493963
0.1106328125,11.063281250000001,0.018539321913555118,18.539321913555117
0.1109625,11.096250000000001,0.01858754955408035,18.58754955408035
0.1112921875,11.12921875,0.01863588589890451,18.63588589890451
0.11162187500000001,11.162187500000002,0.018684342413699564,18.684342413699564
0.11195156249999999,11.19515625,0.018732930347623973,18.732930347623974
0.11228125,11.228125,0.018781660686736118,18.781660686736117
0.11261093750000001,11.26109375,0.01883054410832736,18.83054410832736
0.112940625,11.2940625,0.01887959093636873,18.87959093636873
0.11327031250000003,11.327031250000003,0.01892881109830337,18.92881109830337
0.11359999999999999,11.36,0.018978214083454365,18.978214083454365
0.1139296875,11.392968750000001,0.019027808903351644,19.027808903351644
0.11425937500000001,11.425937500000002,0.019077604054311498,19.077604054311497
0.11458906250000005,11.458906250000005,0.01912760748262625,19.12760748262625
0.11491875,11.491875,0.0191778265527382,19.1778265527382
0.1152484375,11.52484375,0.019228268018780192,19.22826801878019
0.115578125,11.5578125,0.019278937999863657,19.278937999863658
0.11590781250000001,11.590781250000001,0.01932984195948337,19.32984195948337
0.1162375,11.623750000000001,0.01938098468938534,19.38098468938534
0.11656718750000002,11.656718750000003,0.019432370298210287,19.432370298210287
0.116896875,11.6896875,0.01948400220518032,19.48400220518032
0.1172265625,11.72265625,0.019535883139040196,19.535883139040195
0.11755625000000003,11.755625000000002,0.019588015142398597,19.588015142398596
0.1178859375,11.78859375,0.01964039958153959,19.64039958153959
0.118215625,11.8215625,0.019693037161691178,19.693037161691176
0.1185453125,11.85453125,0.01974592794764857,19.74592794764857
0.11887500000000001,11.887500000000001,0.019799071389555924,19.799071389555923
0.1192046875,11.920468750000001,0.019852466353554202,19.852466353554203
0.119534375,11.9534375,0.01990611115690683,19.906111156906828
0.11986406250000001,11.986406250000002,0.01996000360712081,19.960003607120807
0.12019375,12.019375,0.020014141044492548,20.014141044492547
0.1205234375,12.05234375,0.020068520387425785,20.068520387425785
0.12085312500000002,12.085312500000002,0.02012313817979792,20.12313817979792
0.1211828125,12.11828125,0.020177990639591213,20.17799063959121
0.12151250000000001,12.151250000000001,0.02023307370796079,20.23307370796079
0.12184218750000003,12.184218750000003,0.0202883830978822,20.2883830978822
0.122171875,12.217187500000001,0.02034391434151087,20.343914341510867
0.12250156250000001,12.250156250000002,0.020399662835393583,20.39966283539358
0.12283125,12.283125,0.0204556238827007,20.4556238827007
0.12316093750000001,12.31609375,0.020511792731695785,20.511792731695785
0.12349062499999999,12.3490625,0.020568164609728348,20.568164609728345
0.1238203125,12.38203125,0.02062473475212288,20.62473475212288
0.12415000000000001,12.415000000000001,0.020681498425444308,20.681498425444307
0.1244796875,12.447968750000001,0.020738450944742397,20.738450944742397
0.12480937500000001,12.480937500000003,0.020795587684515476,20.795587684515475
0.12513906249999998,12.513906249999998,0.02085290408328313,20.85290408328313
0.12546875,12.546875,0.020910395641815283,20.91039564181528
0.1257984375,12.579843750000002,0.020968057915228842,20.96805791522884
0.12612812499999998,12.612812499999999,0.021025886499328173,21.025886499328173
0.12645781250000002,12.64578125,0.02108387701172835,21.083877011728347
0.1267875,12.67875,0.021142025068456857,21.142025068456856
0.1271171875,12.711718750000001,0.02120032625687578,21.20032625687578
0.12744687500000002,12.744687500000001,0.02125877610589839,21.25877610589839
0.1277765625,12.77765625,0.02131737005458795,21.31737005458795
0.12810625000000003,12.810625000000002,0.021376103420318683,21.37610342031868
0.12843593749999999,12.84359375,0.021434971367746587,21.434971367746588
0.128765625,12.8765625,0.021493968879877662,21.493968879877663
0.1290953125,12.90953125,0.02155309073253141,21.55309073253141
0.12942499999999998,12.942499999999999,0.021612331473477457,21.612331473477457
0.1297546875,12.97546875,0.021671685407470328,21.671685407470328
0.130084375,13.0084375,0.02173114658832346,21.73114658832346
0.13041406249999998,13.041406249999998,0.02179070881904842,21.79070881904842
0.13074375000000002,13.074375000000002,0.02185036566094021,21.85036566094021
0.1310734375,13.107343750000002,0.021910110452317662,21.910110452317664
0.13140312499999998,13.1403125,0.021969936337431585,21.969936337431584
0.1317328125,13.17328125,0.02202983630583636,22.02983630583636
0.1320625,13.20625,0.022089803242288215,22.089803242288216
0.13239218749999998,13.23921875,0.022149829986988907,22.149829986988905
0.132721875,13.2721875,0.02220990940574428,22.209909405744277
0.1330515625,13.30515625,0.02227003446935695,22.27003446935695
0.13338125,13.338125,0.022330198341328916,22.330198341328916
0.13371093750000002,13.37109375,0.02239039447271728,22.39039447271728
0.134040625,13.404062500000002,0.022450616702772635,22.450616702772635
0.1343703125,13.437031250000002,0.0225108593637982,22.5108593637982
0.1347,13.469999999999999,0.022571117388506035,22.571117388506035
0.1350296875,13.50296875,0.022631386418017565,22.631386418017563
0.135359375,13.535937500000001,0.02269166290856437,22.69166290856437
0.13568906249999999,13.568906249999998,0.02275194423489486,22.75194423489486
0.13601875,13.601875,0.022812228788384455,22.812228788384456
0.1363484375,13.63484375,0.022872516067884405,22.872516067884405
0.13667812499999998,13.6678125,0.022932806761425808,22.93280676142581
0.1370078125,13.70078125,0.02299310281702146,22.99310281702146
0.1373375,13.73375,0.023053407500975707,23.053407500975705
0.13766718749999998,13.766718749999999,0.023113725442320224,23.113725442320224
0.137996875,13.7996875,0.023174062662235168,23.17406266223517
0.1383265625,13.83265625,0.023234426587587842,23.23442658758784
0.13865624999999998,13.865624999999998,0.0232948260480176,23.2948260480176
0.1389859375,13.898593749999998,0.02335527125630964,23.35527125630964
0.13931562500000003,13.931562500000002,0.02341577377212472,23.41577377212472
0.1396453125,13.964531250000002,0.02347634644947937,23.47634644947937
0.139975,13.9975,0.023537003368692536,23.537003368692535
0.1403046875,14.03046875,0.02359775975382369,23.59775975382369
0.140634375,14.063437500000001,0.023658631876914846,23.658631876914846
0.1409640625,14.09640625,0.023719636950608396,23.719636950608397
0.14129375,14.129375,0.0237807930109366,23.7807930109366
0.1416234375,14.16234375,0.023842118792260933,23.842118792260933
0.14195312499999999,14.195312499999998,0.023903633596475786,23.903633596475785
0.14228281250000002,14.228281250000002,0.023965357158676,23.965357158676
0.1426125,14.261250000000002,0.024027309511519702,24.0273095115197
0.14294218749999998,14.294218749999999,0.024089510850494357,24.089510850494356
0.143271875,14.3271875,0.02415198140221561,24.15198140221561
0.1436015625,14.360156250000001,0.02421474129775595,24.21474129775595
0.14393124999999998,14.393124999999998,0.024277810452816413,24.277810452816414
0.1442609375,14.42609375,0.024341208456324582,24.34120845632458
0.144590625,14.4590625,0.024404954468768895,24.404954468768896
0.1449203125,14.49203125,0.024469067131273788,24.469067131273786
0.14525,14.525,0.02453356448608492,24.53356448608492
0.1455796875,14.55796875,0.024598463908782668,24.59846390878267
0.14590937499999998,14.590937499999999,0.024663782052180703,24.663782052180704
0.1462390625,14.62390625,0.024729534801506595,24.729534801506595
0.14656875,14.656875,0.024795737240113365,24.795737240113365
0.1468984375,14.689843750000001,0.02486240362464343,24.862403624643427
0.147228125,14.722812499999998,0.02492954736827122,24.92954736827122
0.1475578125,14.755781249999998,0.02499718103039552,24.99718103039552
0.14788750000000003,14.788750000000002,0.025065316310947005,25.065316310947004
0.14821718749999999,14.82171875,0.02513396404732755,25.13396404732755
0.148546875,14.8546875,0.02520313421191168,25.20313421191168
0.1488765625,14.887656250000001,0.02527283590802197,25.27283590802197
0.14920624999999998,14.920625,0.02534307736234257,25.34307736234257
0.1495359375,14.95359375,0.025413865911858468,25.41386591185847
0.149865625,14.9865625,0.02548520798360368,25.48520798360368
0.15019531249999998,15.019531249999998,0.02555710906576445,25.55710906576445
0.15052500000000002,15.052500000000002,0.025629573669011776,25.629573669011776
0.1508546875,15.085468750000002,0.02570260527732133,25.70260527732133
0.15118437499999998,15.118437499999999,0.02577620628797376,25.776206287973757
0.1515140625,15.15140625,0.02585037794090035,25.85037794090035
0.15184375,15.184375000000001,0.025925120238040143,25.925120238040144
0.15217343749999998,15.217343749999998,0.0260004318538893,26.0004318538893
0.152503125,15.2503125,0.02607631003894059,26.076310038940587
0.1528328125,15.28328125,0.02615275051821361,26.152750518213608
0.1531625,15.31625,0.02622974738755237,26.22974738755237
0.15349218750000002,15.34921875,0.026307293010799614,26.30729301079961
0.153821875,15.3821875,0.026385377921334174,26.38537792133417
0.1541515625,15.415156250000003,0.026463990731764295,26.463990731764294
0.15448125,15.448125,0.026543118055795015,26.543118055795016
0.1548109375,15.48109375,0.02662274444641943,26.62274444641943
0.155140625,15.514062500000001,0.0267028523546153,26.702852354615302
0.15547031249999999,15.547031249999998,0.02678342211265131,26.78342211265131
0.1558,15.579999999999998,0.026864431945918938,26.864431945918938
0.1561296875,15.61296875,0.026945858016903954,26.94585801690395
0.15645937499999998,15.6459375,0.02702767450449829,27.02767450449829
0.1567890625,15.67890625,0.027109853721332105,27.109853721332104
0.15711875,15.711875000000001,0.0271923662711847,27.1923662711847
0.15744843749999998,15.74484375,0.02727518124782268,27.27518124782268
0.157778125,15.7778125,0.02735826647582577,27.35826647582577
0.1581078125,15.81078125,0.02744158879311221,27.44158879311221
0.15843749999999998,15.843749999999998,0.02752511437398305,27.525114373983047
0.1587671875,15.876718749999998,0.02760880909058933,27.60880909058933
0.15909687500000003,15.909687500000002,0.027692638909807582,27.69263890980758
0.1594265625,15.942656250000002,0.027776570321611398,27.7765703216114
0.15975625,15.975625,0.027860570794171403,27.8605707941714
0.1600859375,16.00859375,0.027944609250126973,27.944609250126973
0.160415625,16.0415625,0.028028656557771144,28.028656557771143
0.1607453125,16.07453125,0.028112686030297273,28.112686030297272
0.161075,16.107499999999998,0.02819667392579061,28.19667392579061
0.1614046875,16.14046875,0.02828059994032583,28.280599940325832
0.161734375,16.173437500000002,0.02836444768636737,28.36444768636737
0.16206406250000002,16.20640625,0.02844820514867077,28.44820514867077
0.16239375,16.239375000000003,0.028531865110057973,28.53186511005797
0.16272343749999998,16.27234375,0.028615425539787274,28.615425539787275
0.163053125,16.3053125,0.02869888993775665,28.698889937756647
0.1633828125,16.33828125,0.02878226762846002,28.78226762846002
0.16371249999999998,16.37125,0.028865573999445622,28.865573999445623
0.1640421875,16.40421875,0.02894883067998829,28.94883067998829
0.164371875,16.4371875,0.029032065656759913,29.03206565675991
0.1647015625,16.47015625,0.029115313324440915,29.115313324440915
0.16503125,16.503125,0.029198614470429308,29.19861447042931
0.1653609375,16.536093750000003,0.02928201619404317,29.28201619404317
0.165690625,16.5690625,0.029365571761842547,29.365571761842546
0.1660203125,16.60203125,0.02944934040188248,29.44934040188248
0.16635,16.635,0.02953338704081687,29.53338704081687
0.1666796875,16.66796875,0.029617781988766273,29.61778198876627
0.167009375,16.7009375,0.029702600577711007,29.702600577711006
0.1673390625,16.73390625,0.02978792275984115,29.78792275984115
0.16766875000000003,16.766875000000002,0.029873832672762002,29.873832672762003
0.1679984375,16.79984375,0.029960418178693445,29.960418178693445
0.168328125,16.8328125,0.030047770384796033,30.04777038479603
0.1686578125,16.86578125,0.030135983151493854,30.135983151493853
0.16898749999999998,16.89875,0.03022515259513809,30.225152595138088
0.1693171875,16.931718749999998,0.0303153765905648,30.3153765905648
0.169646875,16.9646875,0.03040675427805497,30.40675427805497
0.16997656249999998,16.99765625,0.030499385577917384,30.499385577917383
0.17030625000000002,17.030625,0.03059337071440713,30.59337071440713
0.1706359375,17.063593750000003,0.03068880974899333,30.68880974899333
0.17096562499999998,17.0965625,0.03078580212113432,30.785802121134317
0.1712953125,17.12953125,0.03088444619274744,30.88444619274744
0.171625,17.1625,0.03098483879052297,30.98483879052297
0.17195468749999998,17.19546875,0.031087074738177664,31.087074738177662
0.172284375,17.2284375,0.031191246368731638,31.191246368731637
0.1726140625,17.26140625,0.03129744300498096,31.297443004980963
0.17294375,17.294375,0.031405750394591585,31.405750394591585
0.17327343750000002,17.32734375,0.03151625008471991,31.516250084719907
0.173603125,17.360312500000003,0.03162901871983676,31.629018719836758
0.1739328125,17.39328125,0.03174412724555637,31.74412724555637
0.1742625,17.42625,0.031861640000811674,31.861640000811672
0.1745921875,17.45921875,0.03198161368072686,31.981613680726863
0.174921875,17.4921875,0.03210409615307197,32.10409615307197
0.17525156249999999,17.52515625,0.03222912511228583,32.22912511228583
0.17558125,17.558125,0.032356726556762576,32.356726556762574
0.17591093750000003,17.591093750000002,0.03248691307744166,32.48691307744166
0.176240625,17.6240625,0.03261968194874244,32.61968194874244
0.1765703125,17.65703125,0.03275501301654819,32.75501301654819
0.1769,17.69,0.03289286638226785,32.89286638226785
0.17722968749999998,17.72296875,0.03303317988696739,33.03317988696739
0.177559375,17.755937499999998,0.03317586640513299,33.175866405132986
0.1778890625,17.78890625,0.03332081096375426,33.32081096375426
0.17821874999999998,17.821875,0.03346786770903167,33.46786770903167
0.1785484375,17.854843749999997,0.03361685675002836,33.61685675002836
0.17887812500000003,17.887812500000003,0.033767560915898984,33.76756091589898
0.1792078125,17.92078125,0.03391972247080836,33.91972247080836
0.1795375,17.95375,0.03407303983815165,34.07303983815165
0.1798671875,17.98671875,0.0342271643930373,34.2271643930373
0.180196875,18.0196875,0.03438169738899997,34.38169738899997
0.18052656250000002,18.052656250000002,0.03453618709136594,34.53618709136594
0.18085625,18.085625,0.03469012619536471,34.69012619536471
0.1811859375,18.11859375,0.03484294961172679,34.842949611726795
0.181515625,18.1515625,0.03499403270587302,34.99403270587302
0.18184531250000002,18.184531250000003,0.03514269007862576,35.14269007862576
0.182175,18.2175,0.03528817497640085,35.288174976400846
0.18250468749999998,18.25046875,0.03542967941682546,35.42967941682546
0.182834375,18.2834375,0.03556633511145004,35.56633511145004
0.1831640625,18.31640625,0.035697215260491105,35.697215260491106
0.18349375,18.349375000000002,0.035821337285218496,35.8213372852185
0.18382343750000002,18.38234375,0.03593766655160326,35.937666551603265
0.184153125,18.4153125,0.03604512112416788,36.04512112416788
0.1844828125,18.44828125,0.03614257757171199,36.14257757171199
0.1848125,18.48125,0.036228877826907833,36.22887782690783
0.185,18.5,0.036272530273557285,36.27253027355729
0.1851421875,18.51421875,0.036302837079959745,36.302837079959744
0.185471875,18.547187500000003,0.0363632526630077,36.3632526630077
0.1858015625,18.580156249999998,0.03640891385723926,36.408913857239256
0.18613125,18.613125,0.03643861252938397,36.43861252938397
0.1864609375,18.646093750000002,0.03645115447911447,36.45115447911447
0.18679062500000002,18.6790625,0.03644537135466503,36.44537135466503
0.18712031250000002,18.712031250000003,0.03642013297154464,36.42013297154464
0.18745,18.745,0.0363743598494288,36.3743598494288
0.1877796875,18.77796875,0.03630703576600846,36.30703576600846
0.188109375,18.8109375,0.03621722011454015,36.21722011454015
0.1884390625,18.84390625,0.03610405984476477,36.10405984476477
0.18876875,18.876875000000002,0.035966800765290186,35.96680076529019
0.1890984375,18.90984375,0.03580479798983453,35.80479798983453
0.189428125,18.9428125,0.03561752532006686,35.61752532006686
0.1897578125,18.97578125,0.035404583374095445,35.404583374095445
0.19008750000000002,19.008750000000003,0.035165706291641695,35.1657062916417
0.19041718750000003,19.04171875,0.03490076687406435,34.900766874064345
0.19074687499999998,19.0746875,0.034609780048906476,34.60978004890647
0.1910765625,19.10765625,0.03429290458358372,34.29290458358372
0.19140625,19.140625,0.0339504430101141,33.9504430101141
0.1917359375,19.173593750000002,0.03358283976120264,33.582839761202635
0.19206562500000002,19.206562500000004,0.0331906775562895,33.1906775562895
0.1923953125,19.23953125,0.0327746721130973,32.7746721130973
0.192725,19.2725,0.03233566529459881,32.33566529459881
0.19305468750000002,19.305468750000003,0.03187461683210493,31.874616832104927
0.193384375,19.3384375,0.03139259479145394,31.39259479145394
0.1937140625,19.371406250000003,0.030890764970368974,30.890764970368974
0.19404375,19.404375,0.03037037943047104,30.37037943047104
0.1943734375,19.43734375,0.029832764376957546,29.832764376957545
0.194703125,19.470312500000002,0.02927930760257909,29.279307602579088
0.1950328125,19.50328125,0.02871144571048826,28.71144571048826
0.19536250000000002,19.536250000000003,0.0281306513232139,28.1306513232139
0.1956921875,19.56921875,0.027538420473008845,27.538420473008845
0.196021875,19.6021875,0.0269362603528342,26.9362603528342
0.1963515625,19.63515625,0.026325677588073963,26.32567758807396
0.19668125,19.668125000000003,0.025708167167550523,25.70816716755052
0.1970109375,19.701093750000002,0.025085202149374458,25.085202149374457
0.197340625,19.7340625,0.024458224233423254,24.458224233423252
0.1976703125,19.767031250000002,0.02382863526854824,23.82863526854824
0.198,19.8,0.023197789739621597,23.197789739621594
