z_m,z_mm,B_original_mT,B_T,B_mT,entrance_negative_clamped_to_zero
0.0,0.0,-0.11821385109597159,0.0,0.0,True
0.0006688963210702342,0.6688963210702342,-0.047800600101343314,0.0,0.0,True
0.0013377926421404684,1.3377926421404684,0.022728368330609663,2.2728368330609665e-05,0.022728368330609663,False
0.0020066889632107026,2.006688963210703,0.09337362659360762,9.337362659360762e-05,0.09337362659360762,False
0.0026755852842809368,2.675585284280937,0.1641357518158696,0.00016413575181586958,0.1641357518158696,False
0.003344481605351171,3.344481605351171,0.2350153259151276,0.0002350153259151276,0.2350153259151276,False
0.004013377926421405,4.013377926421406,0.30601293565447546,0.0003060129356544755,0.30601293565447546,False
0.004682274247491639,4.682274247491639,0.37712917269901514,0.00037712917269901516,0.37712917269901514,False
0.0053511705685618735,5.351170568561874,0.44836463367338675,0.00044836463367338674,0.44836463367338675,False
0.006020066889632108,6.0200668896321075,0.5197199202201873,0.0005197199202201874,0.5197199202201873,False
0.006688963210702342,6.688963210702342,0.5911956390592312,0.0005911956390592312,0.5911956390592312,False
0.007357859531772576,7.357859531772576,0.6627924020477469,0.0006627924020477469,0.6627924020477469,False
0.00802675585284281,8.026755852842811,0.7345108262415025,0.0007345108262415026,0.7345108262415025,False
0.008695652173913045,8.695652173913045,0.806351533956815,0.000806351533956815,0.806351533956815,False
0.009364548494983279,9.364548494983278,0.8783151528335879,0.0008783151528335879,0.8783151528335879,False
0.010033444816053512,10.033444816053512,0.9504023158992776,0.0009504023158992776,0.9504023158992776,False
0.010702341137123749,10.70234113712375,1.0226136616338373,0.0010226136616338373,1.0226136616338373,False
0.011371237458193982,11.371237458193981,1.0949498340357302,0.0010949498340357302,1.0949498340357302,False
0.012040133779264215,12.040133779264215,1.1674114826889124,0.0011674114826889124,1.1674114826889124,False
0.012709030100334449,12.709030100334449,1.239999262830898,0.001239999262830898,1.239999262830898,False
0.013377926421404684,13.377926421404684,1.3127138354218857,0.0013127138354218858,1.3127138354218857,False
0.014046822742474919,14.04682274247492,1.3855558672149944,0.0013855558672149944,1.3855558672149944,False
0.014715719063545152,14.715719063545151,1.4585260308275605,0.0014585260308275605,1.4585260308275605,False
0.015384615384615384,15.384615384615383,1.5316250048136273,0.0015316250048136274,1.5316250048136273,False
0.01605351170568562,16.053511705685622,1.604853473737546,0.001604853473737546,1.604853473737546,False
0.016722408026755856,16.722408026755854,1.6782121282487876,0.0016782121282487876,1.6782121282487876,False
0.01739130434782609,17.39130434782609,1.7517016651579278,0.001751701665157928,1.7517016651579278,False
0.01806020066889632,18.060200668896318,1.82532278751388,0.00182532278751388,1.82532278751388,False
0.01872909698996656,18.72909698996656,1.8990762046823495,0.0018990762046823496,1.8990762046823495,False
0.019397993311036792,19.397993311036792,1.9729626324256064,0.0019729626324256067,1.9729626324256064,False
0.020066889632107024,20.066889632107024,2.0469827929834894,0.0020469827929834893,2.0469827929834894,False
0.020735785953177256,20.735785953177256,2.121137415155818,0.002121137415155818,2.121137415155818,False
0.02140468227424749,21.40468227424749,2.1954272343860843,0.0021954272343860846,2.1954272343860843,False
0.02207357859531773,22.07357859531773,2.2698529928465487,0.0022698529928465486,2.2698529928465487,False
0.022742474916387964,22.742474916387962,2.344415439524772,0.002344415439524772,2.344415439524772,False
0.023411371237458196,23.411371237458194,2.4191153303115382,0.0024191153303115384,2.4191153303115382,False
0.02408026755852843,24.08026755852843,2.4939534280902462,0.002493953428090246,2.4939534280902462,False
0.024749163879598662,24.74916387959866,2.568930502827844,0.002568930502827844,2.568930502827844,False
0.025418060200668897,25.418060200668897,2.6440473316672235,0.0026440473316672237,2.6440473316672235,False
0.02608695652173913,26.08695652173913,2.719304699021209,0.002719304699021209,2.719304699021209,False
0.026755852842809368,26.755852842809368,2.794703396668136,0.0027947033966681358,2.794703396668136,False
0.0274247491638796,27.4247491638796,2.8702442238490367,0.0028702442238490366,2.8702442238490367,False
0.02809364548494984,28.093645484949842,2.945927987366464,0.002945927987366464,2.945927987366464,False
0.02876254180602007,28.76254180602007,3.0217555016850706,0.0030217555016850708,3.0217555016850706,False
0.029431438127090304,29.431438127090303,3.097727589033827,0.003097727589033827,3.097727589033827,False
0.030100334448160536,30.100334448160535,3.173845079510061,0.0031738450795100607,3.173845079510061,False
0.030769230769230767,30.769230769230766,3.250108811185284,0.0032501088111852837,3.250108811185284,False
0.031438127090301006,31.438127090301005,3.326519630212849,0.003326519630212849,3.326519630212849,False
0.03210702341137124,32.107023411371244,3.4030783909374556,0.0034030783909374555,3.4030783909374556,False
0.03277591973244148,32.77591973244148,3.479785956006644,0.003479785956006644,3.479785956006644,False
0.03344481605351171,33.44481605351171,3.5566431964841647,0.003556643196484165,3.5566431964841647,False
0.034113712374581946,34.113712374581944,3.6336509919654034,0.0036336509919654035,3.6336509919654034,False
0.03478260869565218,34.78260869565218,3.710810230694817,0.003710810230694817,3.710810230694817,False
0.03545150501672241,35.45150501672241,3.7881218096854807,0.0037881218096854808,3.7881218096854807,False
0.03612040133779264,36.120401337792636,3.8655866348407586,0.003865586634840759,3.8655866348407586,False
0.03678929765886288,36.78929765886288,3.943205621078139,0.003943205621078139,3.943205621078139,False
0.03745819397993312,37.45819397993312,4.020979692455306,0.004020979692455306,4.020979692455306,False
0.03812709030100335,38.12709030100335,4.098909782298506,0.004098909782298506,4.098909782298506,False
0.038795986622073585,38.795986622073585,4.176996833333225,0.004176996833333225,4.176996833333225,False
0.03946488294314381,39.46488294314381,4.2552417978172095,0.00425524179781721,4.2552417978172095,False
0.04013377926421405,40.13377926421405,4.333645637676019,0.004333645637676019,4.333645637676019,False
0.04080267558528428,40.802675585284284,4.412209324640924,0.004412209324640924,4.412209324640924,False
0.04147157190635452,41.47157190635452,4.49093384038948,0.00449093384038948,4.49093384038948,False
0.04214046822742475,42.140468227424755,4.5698201766886015,0.004569820176688602,4.5698201766886015,False
0.04280936454849498,42.80936454849498,4.648869335540373,0.004648869335540373,4.648869335540373,False
0.043478260869565216,43.47826086956522,4.728082329330509,0.00472808232933051,4.728082329330509,False
0.04414715719063546,44.14715719063546,4.807460180979642,0.004807460180979642,4.807460180979642,False
0.044816053511705686,44.81605351170569,4.88700392409745,0.0048870039240974505,4.88700392409745,False
0.04548494983277593,45.484949832775925,4.966714603139666,0.004966714603139666,4.966714603139666,False
0.04615384615384616,46.15384615384616,5.046593273568094,0.005046593273568094,5.046593273568094,False
0.04682274247491639,46.82274247491639,5.126641002013688,0.005126641002013688,5.126641002013688,False
0.04749163879598663,47.49163879598663,5.206858866442698,0.005206858866442698,5.206858866442698,False
0.04816053511705686,48.16053511705686,5.28724795632604,0.00528724795632604,5.28724795632604,False
0.0488294314381271,48.829431438127095,5.367809372811965,0.005367809372811965,5.367809372811965,False
0.049498327759197325,49.49832775919732,5.4485442289019845,0.005448544228901985,5.4485442289019845,False
0.05016722408026757,50.167224080267566,5.529453649630336,0.005529453649630337,5.529453649630336,False
0.050836120401337795,50.836120401337794,5.610538772246842,0.005610538772246842,5.610538772246842,False
0.05150501672240802,51.50501672240802,5.69180074640346,0.00569180074640346,5.69180074640346,False
0.05217391304347826,52.17391304347826,5.773240734344416,0.005773240734344416,5.773240734344416,False
0.05284280936454849,52.84280936454849,5.854859911100177,0.005854859911100177,5.854859911100177,False
0.053511705685618735,53.511705685618736,5.93665946468525,0.00593665946468525,5.93665946468525,False
0.05418060200668897,54.18060200668897,6.018640596299943,0.006018640596299943,6.018640596299943,False
0.054849498327759205,54.84949832775921,6.100804520536135,0.0061008045205361355,6.100804520536135,False
0.05551839464882944,55.51839464882944,6.183152465587288,0.006183152465587287,6.183152465587288,False
0.05618729096989968,56.187290969899685,6.265685673462581,0.006265685673462582,6.265685673462581,False
0.0568561872909699,56.856187290969906,6.348405400205516,0.006348405400205517,6.348405400205516,False
0.05752508361204014,57.52508361204014,6.431312916116932,0.006431312916116932,6.431312916116932,False
0.05819397993311037,58.19397993311037,6.514409505982616,0.006514409505982617,6.514409505982616,False
0.05886287625418061,58.862876254180605,6.597696469305556,0.006597696469305556,6.597696469305556,False
0.05953177257525084,59.531772575250834,6.681175120543114,0.006681175120543114,6.681175120543114,False
0.06020066889632108,60.200668896321076,6.7648467893490105,0.00676484678934901,6.7648467893490105,False
0.060869565217391314,60.86956521739131,6.848712820820481,0.006848712820820481,6.848712820820481,False
0.061538461538461535,61.53846153846153,6.932774575750501,0.006932774575750501,6.932774575750501,False
0.06220735785953178,62.207357859531776,7.017033430885466,0.007017033430885466,7.017033430885466,False
0.06287625418060201,62.87625418060201,7.101490779188225,0.0071014907791882255,7.101490779188225,False
0.06354515050167225,63.54515050167225,7.186148030106802,0.0071861480301068014,7.186148030106802,False
0.06421404682274248,64.21404682274249,7.271006609848766,0.007271006609848766,7.271006609848766,False
0.06488294314381271,64.88294314381271,7.356067961661663,0.007356067961661663,7.356067961661663,False
0.06555183946488295,65.55183946488295,7.441333546119315,0.007441333546119315,7.441333546119315,False
0.06622073578595318,66.22073578595318,7.5268048414144735,0.0075268048414144735,7.5268048414144735,False
0.06688963210702342,66.88963210702342,7.612483343657822,0.0076124833436578224,7.612483343657822,False
0.06755852842809365,67.55852842809365,7.698370567183505,0.007698370567183505,7.698370567183505,False
0.06822742474916389,68.22742474916389,7.784468044861443,0.007784468044861443,7.784468044861443,False
0.06889632107023412,68.89632107023412,7.87077732841649,0.00787077732841649,7.87077732841649,False
0.06956521739130436,69.56521739130436,7.957299988754763,0.007957299988754763,7.957299988754763,False
0.07023411371237459,70.2341137123746,8.04403761629723,0.008044037616297229,8.04403761629723,False
0.07090301003344482,70.90301003344482,8.130991821320807,0.008130991821320807,8.130991821320807,False
0.07157190635451506,71.57190635451506,8.218164234307139,0.00821816423430714,8.218164234307139,False
0.07224080267558528,72.24080267558527,8.305556506299338,0.008305556506299338,8.305556506299338,False
0.07290969899665553,72.90969899665554,8.39317030926682,0.00839317030926682,8.39317030926682,False
0.07357859531772576,73.57859531772576,8.481007336478521,0.008481007336478521,8.481007336478521,False
0.074247491638796,74.247491638796,8.569069302884737,0.008569069302884737,8.569069302884737,False
0.07491638795986624,74.91638795986624,8.65735794550777,0.008657357945507769,8.65735794550777,False
0.07558528428093644,75.58528428093645,8.7458750238417,0.0087458750238417,8.7458750238417,False
0.0762541806020067,76.2541806020067,8.834622320261513,0.008834622320261514,8.834622320261513,False
0.07692307692307693,76.92307692307693,8.923601640441825,0.008923601640441826,8.923601640441825,False
0.07759197324414718,77.59197324414718,9.012814813785576,0.009012814813785576,9.012814813785576,False
0.0782608695652174,78.26086956521739,9.102263693862842,0.009102263693862842,9.102263693862842,False
0.07892976588628765,78.92976588628765,9.19195015886017,0.00919195015886017,9.19195015886017,False
0.07959866220735785,79.59866220735785,9.28187611204075,0.009281876112040751,9.28187611204075,False
0.0802675585284281,80.2675585284281,9.372043482215624,0.009372043482215623,9.372043482215624,False
0.08093645484949834,80.93645484949833,9.462454224226423,0.009462454224226424,9.462454224226423,False
0.08160535117056857,81.60535117056857,9.553110319439826,0.009553110319439825,9.553110319439826,False
0.0822742474916388,82.27424749163879,9.644013776254228,0.00964401377625423,9.644013776254228,False
0.08294314381270902,82.94314381270902,9.735166630618847,0.009735166630618847,9.735166630618847,False
0.08361204013377926,83.61204013377926,9.826570946565795,0.009826570946565794,9.826570946565795,False
0.0842809364548495,84.28093645484951,9.918228816755374,0.009918228816755375,9.918228816755374,False
0.08494983277591975,84.94983277591975,10.010142363035063,0.010010142363035063,10.010142363035063,False
0.08561872909698996,85.61872909698997,10.102313737012704,0.010102313737012704,10.102313737012704,False
0.08628762541806019,86.28762541806019,10.194745120644084,0.010194745120644085,10.194745120644084,False
0.08695652173913043,86.95652173913044,10.287438726835704,0.010287438726835704,10.287438726835704,False
0.08762541806020067,87.62541806020067,10.380396800062837,0.010380396800062837,10.380396800062837,False
0.08829431438127092,88.29431438127092,10.473621617003715,0.010473621617003716,10.473621617003715,False
0.08896321070234113,88.96321070234113,10.5671154871901,0.0105671154871901,10.5671154871901,False
0.08963210702341137,89.63210702341138,10.660880753674842,0.010660880753674842,10.660880753674842,False
0.0903010033444816,90.3010033444816,10.754919793717033,0.010754919793717033,10.754919793717033,False
0.09096989966555184,90.96989966555184,10.849235019485233,0.010849235019485233,10.849235019485233,False
0.09163879598662208,91.63879598662209,10.943828878779415,0.010943828878779415,10.943828878779415,False
0.09230769230769233,92.30769230769232,11.038703855772184,0.011038703855772184,11.038703855772184,False
0.09297658862876255,92.97658862876256,11.13386247177002,0.01113386247177002,11.13386247177002,False
0.09364548494983278,93.64548494983278,11.229307285995002,0.011229307285995003,11.229307285995002,False
0.09431438127090302,94.31438127090303,11.325040896387968,0.011325040896387969,11.325040896387968,False
0.09498327759197325,94.98327759197325,11.421065940433529,0.011421065940433529,11.421065940433529,False
0.09565217391304348,95.65217391304348,11.517385096007958,0.011517385096007958,11.517385096007958,False
0.09632107023411372,96.32107023411372,11.614001082250509,0.011614001082250509,11.614001082250509,False
0.09698996655518397,96.98996655518397,11.710916660459093,0.011710916660459094,11.710916660459093,False
0.09765886287625421,97.6588628762542,11.808134635011111,0.011808134635011111,11.808134635011111,False
0.09832775919732442,98.32775919732443,11.905657854310247,0.011905657854310248,11.905657854310247,False
0.09899665551839465,98.99665551839465,12.003489211760282,0.012003489211760282,12.003489211760282,False
0.09966555183946488,99.66555183946488,12.101631646766698,0.012101631646766699,12.101631646766698,False
0.10033444816053512,100.33444816053512,12.2000881457672,0.0122000881457672,12.2000881457672,False
0.10100334448160536,101.00334448160537,12.298861743291976,0.012298861743291976,12.298861743291976,False
0.10167224080267558,101.67224080267557,12.397955523055108,0.012397955523055108,12.397955523055108,False
0.10234113712374585,102.34113712374585,12.4973726190778,0.012497372619077799,12.4973726190778,False
0.10301003344481605,103.01003344481605,12.597116216844965,0.012597116216844966,12.597116216844965,False
0.1036789297658863,103.6789297658863,12.69718955449616,0.012697189554496162,12.69718955449616,False
0.10434782608695652,104.34782608695652,12.79759592405221,0.01279759592405221,12.79759592405221,False
0.10501672240802676,105.01672240802675,12.8983386726788,0.0128983386726788,12.8983386726788,False
0.105685618729097,105.685618729097,12.999421203988447,0.012999421203988448,12.999421203988447,False
0.10635451505016724,106.35451505016724,13.100846979382249,0.01310084697938225,13.100846979382249,False
0.10702341137123748,107.02341137123749,13.202619519432904,0.013202619519432905,13.202619519432904,False
0.10769230769230768,107.69230769230768,13.304742405310645,0.013304742405310646,13.304742405310645,False
0.10836120401337794,108.36120401337794,13.407219280253546,0.013407219280253546,13.407219280253546,False
0.10903010033444815,109.03010033444815,13.510053851084148,0.013510053851084149,13.510053851084148,False
0.1096989966555184,109.6989966555184,13.613249889773943,0.013613249889773943,13.613249889773943,False
0.11036789297658864,110.36789297658864,13.716811235057833,0.013716811235057833,13.716811235057833,False
0.11103678929765888,111.03678929765888,13.82074179410026,0.013820741794100259,13.82074179410026,False
0.1117056856187291,111.70568561872909,13.925045544215259,0.013925045544215258,13.925045544215259,False
0.11237458193979936,112.37458193979937,14.029726534642512,0.014029726534642512,14.029726534642512,False
0.11304347826086956,113.04347826086956,14.134788888381578,0.014134788888381579,14.134788888381578,False
0.1137123745819398,113.71237458193981,14.240236804086756,0.014240236804086755,14.240236804086756,False
0.11438127090301003,114.38127090301003,14.34607455802496,0.01434607455802496,14.34607455802496,False
0.11505016722408028,115.05016722408028,14.452306506099292,0.014452306506099293,14.452306506099292,False
0.11571906354515052,115.71906354515052,14.55893708594086,0.01455893708594086,14.55893708594086,False
0.11638795986622073,116.38795986622074,14.665970819071834,0.014665970819071835,14.665970819071834,False
0.11705685618729098,117.05685618729098,14.773412313142684,0.014773412313142683,14.773412313142684,False
0.1177257525083612,117.7257525083612,14.881266264246696,0.014881266264246696,14.881266264246696,False
0.11839464882943145,118.39464882943145,14.989537459315068,0.014989537459315068,14.989537459315068,False
0.11906354515050167,119.06354515050167,15.098230778596019,0.01509823077859602,15.098230778596019,False
0.11973244147157192,119.73244147157192,15.207351198221664,0.015207351198221664,15.207351198221664,False
0.12040133779264216,120.40133779264215,15.316903792866343,0.015316903792866344,15.316903792866343,False
0.12107023411371239,121.07023411371239,15.426893738500375,0.015426893738500376,15.426893738500375,False
0.12173913043478261,121.73913043478261,15.53732631524374,0.015537326315243741,15.53732631524374,False
0.12240802675585284,122.40802675585284,15.648206910323786,0.015648206910323786,15.648206910323786,False
0.12307692307692308,123.07692307692308,15.759541021141878,0.01575954102114188,15.759541021141878,False
0.12374581939799333,123.74581939799333,15.871334258453922,0.015871334258453922,15.871334258453922,False
0.12441471571906355,124.41471571906355,15.98359234966985,0.01598359234966985,15.98359234966985,False
0.1250836120401338,125.0836120401338,16.096321142277606,0.016096321142277607,16.096321142277606,False
0.12575250836120402,125.75250836120402,16.209526607397557,0.016209526607397558,16.209526607397557,False
0.12642140468227425,126.42140468227426,16.323214843473174,0.016323214843473176,16.323214843473174,False
0.1270903010033445,127.0903010033445,16.437392080104726,0.016437392080104727,16.437392080104726,False
0.1277591973244147,127.75919732441471,16.552064682032583,0.016552064682032585,16.552064682032583,False
0.12842809364548496,128.42809364548498,16.667239153277457,0.016667239153277457,16.667239153277457,False
0.1290969899665552,129.09698996655518,16.782922141445194,0.016782922141445195,16.782922141445194,False
0.12976588628762542,129.76588628762542,16.8991204422041,0.0168991204422041,16.8991204422041,False
0.13043478260869568,130.43478260869568,17.01584100394342,0.017015841003943422,17.01584100394342,False
0.1311036789297659,131.1036789297659,17.133090932621986,0.017133090932621987,17.133090932621986,False
0.13177257525083613,131.77257525083613,17.25087749681656,0.01725087749681656,17.25087749681656,False
0.13244147157190636,132.44147157190636,17.36920813298008,0.017369208132980082,17.36920813298008,False
0.1331103678929766,133.1103678929766,17.488090450920566,0.017488090450920566,17.488090450920566,False
0.13377926421404684,133.77926421404683,17.60753223951205,0.01760753223951205,17.60753223951205,False
0.13444816053511707,134.44816053511707,17.727541472649747,0.01772754147264975,17.727541472649747,False
0.1351170568561873,135.1170568561873,17.84812631546227,0.01784812631546227,17.84812631546227,False
0.13578595317725753,135.78595317725754,17.96929513079464,0.017969295130794642,17.96929513079464,False
0.13645484949832778,136.45484949832777,18.09105648597665,0.018091056485976652,18.09105648597665,False
0.137123745819398,137.123745819398,18.21341915989204,0.018213419159892042,18.21341915989204,False
0.13779264214046824,137.79264214046825,18.33639215036501,0.018336392150365012,18.33639215036501,False
0.13846153846153847,138.46153846153848,18.459984681881764,0.018459984681881765,18.459984681881764,False
0.13913043478260873,139.13043478260872,18.58420621366565,0.01858420621366565,18.58420621366565,False
0.13979933110367895,139.79933110367895,18.709066448126016,0.018709066448126015,18.709066448126016,False
0.14046822742474918,140.4682274247492,18.834575339702138,0.018834575339702137,18.834575339702138,False
0.1411371237458194,141.13712374581942,18.96074310412501,0.018960743104125013,18.96074310412501,False
0.14180602006688964,141.80602006688963,19.087580228121432,0.01908758022812143,19.087580228121432,False
0.1424749163879599,142.4749163879599,19.215097479586262,0.019215097479586263,19.215097479586262,False
0.14314381270903012,143.14381270903013,19.343305918251207,0.01934330591825121,19.343305918251207,False
0.14381270903010035,143.81270903010034,19.47221690687961,0.01947221690687961,19.47221690687961,False
0.14448160535117055,144.48160535117054,19.6018421230195,0.019601842123019502,19.6018421230195,False
0.1451505016722408,145.1505016722408,19.73219357134941,0.01973219357134941,19.73219357134941,False
0.14581939799331106,145.81939799331107,19.863283596653687,0.019863283596653687,19.863283596653687,False
0.1464882943143813,146.48829431438128,19.995124897467164,0.019995124897467166,19.995124897467164,False
0.14715719063545152,147.1571906354515,20.127730540431777,0.02012773054043178,20.127730540431777,False
0.14782608695652175,147.82608695652175,20.261113975411167,0.020261113975411166,20.261113975411167,False
0.148494983277592,148.494983277592,20.39528905141262,0.02039528905141262,20.39528905141262,False
0.14916387959866223,149.16387959866222,20.53027003336978,0.020530270033369782,20.53027003336978,False
0.14983277591973243,149.83277591973243,20.66607161984375,0.02066607161984375,20.66607161984375,False
0.1505016722408027,150.5016722408027,20.802708961704607,0.020802708961704608,20.802708961704607,False
0.15117056856187291,151.17056856187293,20.94019768186068,0.020940197681860683,20.94019768186068,False
0.15183946488294317,151.83946488294316,21.078553896108303,0.021078553896108305,21.078553896108303,False
0.1525083612040134,152.5083612040134,21.21779423518061,0.02121779423518061,21.21779423518061,False
0.15317725752508363,153.17725752508363,21.357935868081128,0.02135793586808113,21.357935868081128,False
0.15384615384615383,153.84615384615384,21.498996526794503,0.021498996526794503,21.498996526794503,False
0.1545150501672241,154.5150501672241,21.640994532475215,0.021640994532475217,21.640994532475215,False
0.1551839464882943,155.1839464882943,21.783948823223735,0.021783948823223737,21.783948823223735,False
0.15585284280936457,155.85284280936457,21.92787898356936,0.021927878983569363,21.92787898356936,False
0.1565217391304348,156.52173913043478,22.07280527578964,0.022072805275789642,22.07280527578964,False
0.15719063545150502,157.19063545150502,22.21874867320827,0.02221874867320827,22.21874867320827,False
0.15785953177257528,157.85953177257528,22.3657308956262,0.022365730895626202,22.3657308956262,False
0.1585284280936455,158.52842809364552,22.513774447055678,0.022513774447055677,22.513774447055678,False
0.1591973244147157,159.1973244147157,22.66290265594259,0.02266290265594259,22.66290265594259,False
0.15986622073578596,159.86622073578596,22.813139718080922,0.022813139718080924,22.813139718080922,False
0.1605351170568562,160.5351170568562,22.964510742442545,0.022964510742442545,22.964510742442545,False
0.16120401337792645,161.20401337792646,23.117041800168447,0.023117041800168447,23.117041800168447,False
0.16187290969899668,161.87290969899666,23.270759976991943,0.023270759976991944,23.270759976991943,False
0.1625418060200669,162.5418060200669,23.425693429392357,0.023425693429392356,23.425693429392357,False
0.16321070234113713,163.21070234113714,23.58187144480887,0.023581871444808868,23.58187144480887,False
0.1638795986622074,163.8795986622074,23.739324506279328,0.023739324506279327,23.739324506279328,False
0.1645484949832776,164.54849498327758,23.89808436190782,0.02389808436190782,23.89808436190782,False
0.16521739130434784,165.21739130434784,24.058184099609687,0.02405818409960969,24.058184099609687,False
0.16588628762541807,165.88628762541808,24.21965822763208,0.02421965822763208,24.21965822763208,False
0.16655518394648827,166.55518394648828,24.382542761405375,0.024382542761405376,24.382542761405375,False
0.16722408026755856,167.22408026755855,24.546875317344412,0.024546875317344414,24.546875317344412,False
0.16789297658862878,167.89297658862878,24.71269521429176,0.02471269521429176,24.71269521429176,False
0.168561872909699,168.56187290969902,24.880043583377947,0.024880043583377948,24.880043583377947,False
0.16923076923076924,169.23076923076923,25.04896348716833,0.02504896348716833,25.04896348716833,False
0.16989966555183947,169.89966555183946,25.219500049074487,0.025219500049074486,25.219500049074487,False
0.17056856187290972,170.56856187290973,25.39170059413197,0.02539170059413197,25.39170059413197,False
0.17123745819397995,171.23745819397996,25.56561480238915,0.02556561480238915,25.56561480238915,False
0.17190635451505018,171.90635451505017,25.741294876315795,0.025741294876315796,25.741294876315795,False
0.1725752508361204,172.5752508361204,25.91879572383032,0.025918795723830323,25.91879572383032,False
0.17324414715719066,173.24414715719067,26.098175158764356,0.026098175158764357,26.098175158764356,False
0.1739130434782609,173.9130434782609,26.279494120839146,0.026279494120839148,26.279494120839146,False
0.17458193979933112,174.5819397993311,26.46281691752657,0.026462816917526572,26.46281691752657,False
0.17525083612040135,175.25083612040135,26.64821149051589,0.02664821149051589,26.64821149051589,False
0.1759197324414716,175.9197324414716,26.83574970991701,0.02683574970991701,26.83574970991701,False
0.17658862876254183,176.58862876254184,27.02550769981259,0.02702550769981259,27.02550769981259,False
0.17725752508361206,177.25752508361205,27.21756619934101,0.02721756619934101,27.21756619934101,False
0.1779264214046823,177.9264214046823,27.41201096416806,0.027412010964168062,27.41201096416806,False
0.17859531772575252,178.59531772575252,27.60893321401008,0.02760893321401008,27.60893321401008,False
0.17926421404682277,179.2642140468228,27.80843013283419,0.02780843013283419,27.80843013283419,False
0.179933110367893,179.933110367893,28.010605429518463,0.028010605429518463,28.010605429518463,False
0.1806020066889632,180.6020066889632,28.215569968151144,0.028215569968151145,28.215569968151144,False
0.18127090301003343,181.27090301003344,28.42344247884211,0.02842344247884211,28.42344247884211,False
0.18193979933110369,181.93979933110367,28.63435036198507,0.02863435036198507,28.63435036198507,False
0.18260869565217397,182.60869565217396,28.84843060144012,0.02884843060144012,28.84843060144012,False
0.18327759197324417,183.27759197324417,29.065830805227684,0.029065830805227684,29.065830805227684,False
0.1839464882943144,183.9464882943144,29.286710396194767,0.02928671039619477,29.286710396194767,False
0.18461538461538465,184.61538461538464,29.51124197994636,0.02951124197994636,29.51124197994636,False
0.185,185.0,29.642555272435676,0.029642555272435676,29.642555272435676,False
