z_m,B_T,B_mT
0.0,0.005255143016902623,5.255143016902623
0.00018518518518518518,0.005273450114067073,5.2734501140670735
0.00037037037037037035,0.00529176613027461,5.291766130274611
0.0005555555555555556,0.005310091078573764,5.310091078573764
0.0007407407407407407,0.005328424972044924,5.328424972044924
0.0009259259259259259,0.00534676782380042,5.34676782380042
0.0011111111111111111,0.005365119646984661,5.365119646984661
0.0012962962962962963,0.005383480454774225,5.383480454774225
0.0014814814814814814,0.00540185026037798,5.40185026037798
0.0016666666666666666,0.005420229077037187,5.420229077037187
0.0018518518518518517,0.005438616918025623,5.438616918025623
0.002037037037037037,0.00545701379664967,5.45701379664967
0.0022222222222222222,0.005475419726248465,5.4754197262484645
0.002407407407407407,0.005493834720193972,5.493834720193972
0.0025925925925925925,0.005512258791891126,5.512258791891126
0.0027777777777777775,0.005530691954777919,5.530691954777919
0.002962962962962963,0.005549134222325546,5.549134222325546
0.003148148148148148,0.005567585608038507,5.567585608038507
0.003333333333333333,0.005586046125454694,5.586046125454694
0.0035185185185185185,0.005604515788145559,5.60451578814556
0.0037037037037037034,0.0056229946097161865,5.622994609716186
0.0038888888888888888,0.0056414826038054455,5.6414826038054455
0.004074074074074074,0.005659979784086065,5.659979784086065
0.004259259259259259,0.0056784861642648,5.6784861642647995
0.0044444444444444444,0.005697001758082505,5.6970017580825045
0.004629629629629629,0.005715526579314281,5.715526579314281
0.004814814814814814,0.005734060641769602,5.734060641769602
0.005,0.005752603959292404,5.752603959292404
0.005185185185185185,0.005771156545761225,5.771156545761225
0.00537037037037037,0.005789718415089329,5.78971841508933
0.005555555555555555,0.005808289581224821,5.808289581224821
0.005740740740740741,0.005826870058150771,5.826870058150771
0.005925925925925926,0.005845459859885339,5.845459859885339
0.0061111111111111106,0.005864059000481891,5.864059000481891
0.006296296296296296,0.005882667494029123,5.882667494029122
0.006481481481481481,0.005901285354651209,5.9012853546512085
0.006666666666666666,0.0059199125965079,5.9199125965079
0.006851851851851851,0.0059385492337946395,5.93854923379464
0.007037037037037037,0.00595719528074273,5.95719528074273
0.007222222222222222,0.005975850751619433,5.975850751619433
0.007407407407407407,0.005994515660728096,5.994515660728096
0.007592592592592593,0.006013190022408287,6.013190022408287
0.0077777777777777776,0.006031873851035912,6.031873851035912
0.007962962962962963,0.0060505671610233715,6.0505671610233716
0.008148148148148147,0.006069269966819659,6.069269966819658
0.008333333333333333,0.006087982282910508,6.087982282910508
0.008518518518518517,0.0061067041238185155,6.106704123818515
0.008703703703703703,0.006125435504103283,6.125435504103283
0.008888888888888889,0.006144176438361544,6.144176438361543
0.009074074074074073,0.006162926941227288,6.162926941227288
0.009259259259259259,0.006181687027371902,6.181687027371902
0.009444444444444445,0.006200456711504307,6.200456711504307
0.009629629629629629,0.006219236008371094,6.2192360083710945
0.009814814814814814,0.006238024932756646,6.238024932756646
0.01,0.006256823499483289,6.256823499483289
0.010185185185185184,0.006275631723411411,6.2756317234114105
0.01037037037037037,0.006294449619439619,6.294449619439619
0.010555555555555556,0.006313277202504871,6.313277202504871
0.01074074074074074,0.0063321144875826,6.3321144875826
0.010925925925925926,0.006350961489686867,6.350961489686867
0.01111111111111111,0.006369818223870499,6.369818223870499
0.011296296296296296,0.0063886847052252345,6.388684705225234
0.011481481481481481,0.006407560948881844,6.407560948881844
0.011666666666666665,0.0064264469700102906,6.42644697001029
0.011851851851851851,0.006445342783819868,6.445342783819868
0.012037037037037037,0.006464248405559345,6.464248405559346
0.012222222222222221,0.0064831638505171004,6.4831638505171005
0.012407407407407407,0.006502089134021273,6.502089134021273
0.012592592592592593,0.00652102427143991,6.52102427143991
0.012777777777777777,0.006539969278181112,6.539969278181112
0.012962962962962963,0.0065589241696931665,6.558924169693166
0.013148148148148147,0.006577888961464709,6.5778889614647085
0.013333333333333332,0.006596863669024877,6.596863669024877
0.013518518518518518,0.006615848307943424,6.615848307943424
0.013703703703703702,0.006634842893830918,6.6348428938309185
0.013888888888888888,0.006653847442338855,6.653847442338855
0.014074074074074074,0.006672861969159812,6.672861969159812
0.014259259259259258,0.006691886490027622,6.691886490027622
0.014444444444444444,0.006710921020717487,6.710921020717486
0.01462962962962963,0.006729965577046177,6.729965577046177
0.014814814814814814,0.006749020174872155,6.749020174872155
0.015,0.006768084830095724,6.768084830095724
0.015185185185185185,0.006787159558659212,6.787159558659212
0.01537037037037037,0.006806244376547088,6.806244376547088
0.015555555555555555,0.006825339299786158,6.825339299786158
0.01574074074074074,0.006844444344445696,6.844444344445696
0.015925925925925927,0.006863559526637608,6.863559526637608
0.01611111111111111,0.006882684862516595,6.882684862516594
0.016296296296296295,0.006901820368280311,6.901820368280311
0.016481481481481482,0.006920966060169515,6.920966060169515
0.016666666666666666,0.006940121954468247,6.940121954468247
0.01685185185185185,0.006959288067503971,6.959288067503971
0.017037037037037035,0.0069784644156477525,6.978464415647752
0.017222222222222222,0.006997651015314416,6.997651015314416
0.017407407407407406,0.00701684788296271,7.01684788296271
0.01759259259259259,0.0070360550350954685,7.036055035095468
0.017777777777777778,0.007055272488259778,7.055272488259778
0.017962962962962962,0.007074500259047148,7.074500259047149
0.018148148148148146,0.0070937383640936776,7.093738364093678
0.018333333333333333,0.007112986820080207,7.112986820080207
0.018518518518518517,0.007132245643732512,7.132245643732512
0.0187037037037037,0.007151514851821462,7.151514851821462
0.01888888888888889,0.007170794461163191,7.170794461163191
0.019074074074074073,0.007190084488619251,7.190084488619251
0.019259259259259257,0.007209384951096828,7.209384951096828
0.019444444444444445,0.007228695865548858,7.228695865548858
0.01962962962962963,0.00724801724897425,7.24801724897425
0.019814814814814813,0.007267349118418038,7.267349118418037
0.02,0.007286691490971547,7.286691490971547
0.020185185185185184,0.007306044383772611,7.306044383772611
0.02037037037037037,0.007325407814005679,7.325407814005679
0.020555555555555556,0.007344781798902075,7.3447817989020745
0.02074074074074074,0.007364166355740106,7.364166355740106
0.020925925925925924,0.007383561501845296,7.383561501845295
0.021111111111111112,0.007402967254590522,7.402967254590522
0.021296296296296296,0.007422383631396231,7.42238363139623
0.02148148148148148,0.0074418106497306045,7.441810649730605
0.021666666666666664,0.007461248327109744,7.461248327109744
0.02185185185185185,0.007480696681097861,7.480696681097861
0.022037037037037036,0.00750015572930745,7.50015572930745
0.02222222222222222,0.007519625489399489,7.519625489399489
0.022407407407407407,0.0075391059790836145,7.539105979083614
0.02259259259259259,0.007558597216118326,7.558597216118326
0.022777777777777775,0.007578099218311147,7.578099218311148
0.022962962962962963,0.007597612003518852,7.597612003518852
0.023148148148148147,0.007617135589647611,7.617135589647611
0.02333333333333333,0.007636669994653229,7.6366699946532295
0.02351851851851852,0.00765621523654131,7.65621523654131
0.023703703703703703,0.007675771333367456,7.6757713333674555
0.023888888888888887,0.007695338303237467,7.695338303237467
0.024074074074074074,0.007714916164307516,7.714916164307516
0.024259259259259258,0.007734504934784389,7.73450493478439
0.024444444444444442,0.0077541046329256385,7.754104632925639
0.02462962962962963,0.007773715277039798,7.7737152770397975
0.024814814814814814,0.007793336885486585,7.7933368854865845
0.024999999999999998,0.007812969476677105,7.812969476677106
0.025185185185185185,0.007832613069074042,7.832613069074042
0.02537037037037037,0.007852267681191875,7.852267681191875
0.025555555555555554,0.007871933331597051,7.871933331597051
0.02574074074074074,0.00789161003890824,7.89161003890824
0.025925925925925925,0.007911297821796483,7.911297821796483
0.02611111111111111,0.00793099669898545,7.93099669898545
0.026296296296296293,0.007950706689251626,7.950706689251627
0.02648148148148148,0.0079704278114245,7.970427811424499
0.026666666666666665,0.00799016008438681,7.99016008438681
0.02685185185185185,0.008009903527074735,8.009903527074735
0.027037037037037037,0.008029658158478113,8.029658158478114
0.02722222222222222,0.008049423997640638,8.049423997640638
0.027407407407407405,0.008069201063660107,8.069201063660106
0.027592592592592592,0.008088989375688594,8.088989375688595
0.027777777777777776,0.008108788952932714,8.108788952932715
0.02796296296296296,0.008128599814653789,8.12859981465379
0.028148148148148148,0.00814842198016811,8.14842198016811
0.028333333333333332,0.008168255468847134,8.168255468847134
0.028518518518518516,0.008188100300117703,8.188100300117704
0.028703703703703703,0.00820795649346228,8.20795649346228
0.028888888888888888,0.008227824068419164,8.227824068419164
0.02907407407407407,0.008247703044582715,8.247703044582714
0.02925925925925926,0.008267593441603575,8.267593441603575
0.029444444444444443,0.008287495279188912,8.287495279188912
0.029629629629629627,0.008307408577102618,8.307408577102619
0.029814814814814815,0.008327333355165573,8.327333355165573
0.03,0.008347269633255838,8.347269633255838
0.030185185185185183,0.008367217431308919,8.36721743130892
0.03037037037037037,0.008387176769317993,8.387176769317993
0.030555555555555555,0.00840714766733411,8.40714766733411
0.03074074074074074,0.008427130145466474,8.427130145466474
0.030925925925925923,0.008447124223882658,8.447124223882657
0.03111111111111111,0.008467129922808828,8.467129922808828
0.031296296296296294,0.008487147262530007,8.487147262530007
0.03148148148148148,0.008507176263390297,8.507176263390297
0.03166666666666666,0.008527216945793142,8.527216945793143
0.03185185185185185,0.008547269330201524,8.547269330201523
0.03203703703703704,0.008567333437138266,8.567333437138267
0.03222222222222222,0.00858740928718624,8.58740928718624
0.032407407407407406,0.00860749690098862,8.60749690098862
0.03259259259259259,0.008627596299249134,8.627596299249134
0.032777777777777774,0.00864770750273231,8.64770750273231
0.032962962962962965,0.00866783053226373,8.667830532263729
0.03314814814814815,0.008687965408730276,8.687965408730276
0.03333333333333333,0.008708112153080375,8.708112153080375
0.03351851851851852,0.008728270786324299,8.728270786324298
0.0337037037037037,0.008748441329534336,8.748441329534337
0.033888888888888885,0.008768623803845143,8.768623803845143
0.03407407407407407,0.008788818230453917,8.788818230453916
0.03425925925925926,0.008809024630620735,8.809024630620735
0.034444444444444444,0.008829243025668744,8.829243025668744
0.03462962962962963,0.008849473436984473,8.849473436984473
0.03481481481481481,0.008869715886018075,8.869715886018074
0.034999999999999996,0.008889970394283587,8.889970394283587
0.03518518518518518,0.008910236983359233,8.910236983359233
0.03537037037037037,0.00893051567488762,8.93051567488762
0.035555555555555556,0.008950806490576106,8.950806490576106
0.03574074074074074,0.008971109452196981,8.97110945219698
0.035925925925925924,0.008991424581587795,8.991424581587795
0.03611111111111111,0.009011751900651602,9.011751900651602
0.03629629629629629,0.00903209143135725,9.03209143135725
0.03648148148148148,0.009052443195739668,9.052443195739668
0.03666666666666667,0.009072807215900116,9.072807215900117
0.03685185185185185,0.009093183514006488,9.093183514006489
0.037037037037037035,0.009113572112293584,9.113572112293584
0.03722222222222222,0.009133973033063405,9.133973033063404
0.0374074074074074,0.009154386298685407,9.154386298685406
0.037592592592592594,0.009174811931596829,9.174811931596828
0.03777777777777778,0.009195249954302957,9.195249954302957
0.03796296296296296,0.009215700389377397,9.215700389377396
0.038148148148148146,0.009236163259462414,9.236163259462414
0.03833333333333333,0.009256638587269177,9.256638587269178
0.038518518518518514,0.009277126395578079,9.27712639557808
0.0387037037037037,0.009297626707239014,9.297626707239013
0.03888888888888889,0.009318139545171699,9.318139545171698
0.039074074074074074,0.009338664932365954,9.338664932365953
0.03925925925925926,0.009359202891882013,9.359202891882013
0.03944444444444444,0.009379753446850816,9.379753446850817
0.039629629629629626,0.009400316620474318,9.40031662047432
0.03981481481481481,0.009420892436025792,9.420892436025792
0.04,0.009441480916850164,9.441480916850164
0.040185185185185185,0.009462082086364256,9.462082086364257
0.04037037037037037,0.009482695968057174,9.482695968057174
0.04055555555555555,0.009503322585490564,9.503322585490563
0.04074074074074074,0.009523961962298953,9.523961962298953
0.04092592592592592,0.009544614122190065,9.544614122190065
0.04111111111111111,0.009565279088945125,9.565279088945125
0.041296296296296296,0.009585956886419184,9.585956886419185
0.04148148148148148,0.009606647538541452,9.606647538541452
0.041666666666666664,0.009627351069315603,9.627351069315603
0.04185185185185185,0.009648067502820098,9.648067502820098
0.04203703703703703,0.009668796863208554,9.668796863208554
0.042222222222222223,0.009689539174710013,9.689539174710012
0.04240740740740741,0.009710294461629305,9.710294461629305
0.04259259259259259,0.00973106274834738,9.731062748347378
0.042777777777777776,0.009751844059321632,9.751844059321632
0.04296296296296296,0.009772638419086247,9.772638419086247
0.043148148148148144,0.009793445852252525,9.793445852252525
0.04333333333333333,0.009814266383509242,9.814266383509242
0.04351851851851852,0.009835100037622967,9.835100037622967
0.0437037037037037,0.009855946839438414,9.855946839438413
0.04388888888888889,0.009876806813878806,9.876806813878806
0.04407407407407407,0.009897679985946201,9.897679985946201
0.044259259259259255,0.009918566380721848,9.918566380721849
0.04444444444444444,0.009939466023366534,9.939466023366533
0.04462962962962963,0.009960378939120943,9.960378939120943
0.044814814814814814,0.009981305153306037,9.981305153306037
0.045,0.010002244691323344,10.002244691323344
0.04518518518518518,0.010023197578655394,10.023197578655394
0.045370370370370366,0.010044163840866035,10.044163840866036
0.04555555555555555,0.010065143503600812,10.065143503600812
0.04574074074074074,0.010086136592587346,10.086136592587346
0.045925925925925926,0.010107143133635654,10.107143133635654
0.04611111111111111,0.010128163152638588,10.128163152638589
0.046296296296296294,0.010149196675572155,10.149196675572155
0.04648148148148148,0.010170243728495912,10.170243728495912
0.04666666666666666,0.010191304337553329,10.19130433755333
0.04685185185185185,0.010212378528972197,10.212378528972197
0.04703703703703704,0.010233466329064973,10.233466329064973
0.04722222222222222,0.010254567764229186,10.254567764229186
0.047407407407407405,0.010275682860947823,10.275682860947823
0.04759259259259259,0.01029681164578971,10.29681164578971
0.04777777777777777,0.010317954145409884,10.317954145409885
0.04796296296296296,0.010339110386550028,10.33911038655003
0.04814814814814815,0.010360280396038833,10.360280396038833
0.04833333333333333,0.010381464200792402,10.381464200792403
0.048518518518518516,0.010402661827814649,10.402661827814649
0.0487037037037037,0.0104238733041977,10.4238733041977
0.048888888888888885,0.01044509865712231,10.44509865712231
0.04907407407407407,0.010466337913858252,10.466337913858252
0.04925925925925926,0.01048759110176474,10.48759110176474
0.049444444444444444,0.01050885824829082,10.508858248290819
0.04962962962962963,0.010530139380975787,10.530139380975786
0.04981481481481481,0.010551434527449652,10.551434527449652
0.049999999999999996,0.010572743715433465,10.572743715433464
0.05018518518518518,0.010594066972739843,10.594066972739842
0.05037037037037037,0.0106154043272733,10.6154043272733
0.050555555555555555,0.010636755807030728,10.636755807030728
0.05074074074074074,0.010658121440101814,10.658121440101814
0.05092592592592592,0.01067950125466946,10.67950125466946
0.05111111111111111,0.010700895279010234,10.700895279010233
0.05129629629629629,0.010722303541494787,10.722303541494787
0.05148148148148148,0.010743726070588317,10.743726070588316
0.051666666666666666,0.010765162894850976,10.765162894850976
0.05185185185185185,0.010786614042938347,10.786614042938346
0.052037037037037034,0.010808079543601877,10.808079543601878
0.05222222222222222,0.010829559425689318,10.829559425689318
0.0524074074074074,0.0108510537181452,10.8510537181452
0.05259259259259259,0.010872562450011277,10.872562450011277
0.05277777777777778,0.010894085650426965,10.894085650426966
0.05296296296296296,0.010915623348629834,10.915623348629834
0.053148148148148146,0.010937175573956053,10.937175573956052
0.05333333333333333,0.010958742355840862,10.958742355840862
0.053518518518518514,0.010980323723819038,10.980323723819037
0.0537037037037037,0.011001919707525365,11.001919707525365
0.05388888888888889,0.011023530336695134,11.023530336695133
0.05407407407407407,0.011045155641164562,11.04515564116456
0.05425925925925926,0.011066795650871333,11.066795650871333
0.05444444444444444,0.011088450395855065,11.088450395855066
0.054629629629629625,0.011110119906257761,11.110119906257761
0.05481481481481481,0.011131804212324365,11.131804212324365
0.055,0.011153503344403178,11.153503344403179
0.055185185185185184,0.011175217332946422,11.175217332946422
0.05537037037037037,0.011196946208510684,11.196946208510683
0.05555555555555555,0.011218690001757466,11.218690001757466
0.05574074074074074,0.011240448743453656,11.240448743453657
0.05592592592592592,0.01126222246447203,11.26222246447203
0.05611111111111111,0.011284011195791806,11.284011195791807
0.056296296296296296,0.011305814968499113,11.305814968499114
0.05648148148148148,0.011327633813787543,11.327633813787543
0.056666666666666664,0.01134946776295863,11.34946776295863
0.05685185185185185,0.011371316847422425,11.371316847422426
0.05703703703703703,0.011393181098697983,11.393181098697983
0.057222222222222216,0.011415060548413911,11.41506054841391
0.05740740740740741,0.0114369552283089,11.4369552283089
0.05759259259259259,0.01145886517023226,11.45886517023226
0.057777777777777775,0.011480790406144463,11.480790406144463
0.05796296296296296,0.011502730968117672,11.502730968117673
0.05814814814814814,0.011524686888336327,11.524686888336328
0.05833333333333333,0.011546658199097651,11.546658199097651
0.05851851851851852,0.011568644932812233,11.568644932812234
0.0587037037037037,0.011590647122004567,11.590647122004567
0.058888888888888886,0.01161266479931363,11.61266479931363
0.05907407407407407,0.011634697997493433,11.634697997493433
0.059259259259259255,0.011656746749413614,11.656746749413614
0.05944444444444444,0.011678811088059965,11.678811088059964
0.05962962962962963,0.011700891046535059,11.700891046535059
0.059814814814814814,0.01172298665805879,11.722986658058788
0.06,0.011745097955968975,11.745097955968975
0.06018518518518518,0.011767224973721948,11.767224973721948
0.060370370370370366,0.011789367744893125,11.789367744893125
0.06055555555555555,0.011811526303177616,11.811526303177615
0.06074074074074074,0.011833700682390836,11.833700682390836
0.060925925925925925,0.011855890916469063,11.855890916469063
0.06111111111111111,0.011878097039470105,11.878097039470106
0.06129629629629629,0.011900319085573844,11.900319085573845
0.06148148148148148,0.01192255708908292,11.92255708908292
0.06166666666666666,0.011944811084423274,11.944811084423273
0.061851851851851845,0.011967081106144837,11.967081106144837
0.062037037037037036,0.011989367188922113,11.989367188922113
0.06222222222222222,0.01201166936755482,12.011669367554822
0.062407407407407404,0.012033987676968533,12.033987676968533
0.06259259259259259,0.012056322152215308,12.056322152215307
0.06277777777777778,0.012078672828474352,12.078672828474351
0.06296296296296296,0.012101039741052616,12.101039741052617
0.06314814814814815,0.012123422925385518,12.123422925385519
0.06333333333333332,0.012145822417037511,12.145822417037511
0.06351851851851852,0.012168238251702832,12.168238251702832
0.0637037037037037,0.01219067046520611,12.19067046520611
0.06388888888888888,0.012213119093503033,12.213119093503034
0.06407407407407407,0.012235584172681065,12.235584172681065
0.06425925925925925,0.012258065738960051,12.25806573896005
0.06444444444444444,0.012280563828692992,12.280563828692992
0.06462962962962962,0.012303078478366628,12.303078478366627
0.06481481481481481,0.012325609724602223,12.325609724602224
0.065,0.012348157604156182,12.348157604156182
0.06518518518518518,0.012370722153920797,12.370722153920797
0.06537037037037037,0.012393303410924946,12.393303410924947
0.06555555555555555,0.012415901412334791,12.415901412334792
0.06574074074074074,0.012438516195454493,12.438516195454493
0.06592592592592593,0.01246114779772693,12.46114779772693
0.0661111111111111,0.012483796256734434,12.483796256734434
0.0662962962962963,0.0125064616101995,12.5064616101995
0.06648148148148147,0.01252914389598552,12.52914389598552
0.06666666666666667,0.012551843152097552,12.551843152097552
0.06685185185185184,0.012574559416683017,12.574559416683018
0.06703703703703703,0.012597292728032476,12.597292728032476
0.06722222222222222,0.012620043124580376,12.620043124580377
0.0674074074074074,0.012642810644905815,12.642810644905815
0.06759259259259259,0.012665595327733295,12.665595327733296
0.06777777777777777,0.012688397211933492,12.688397211933491
0.06796296296296296,0.012711216336524025,12.711216336524025
0.06814814814814814,0.012734052740670255,12.734052740670256
0.06833333333333333,0.012756906463686045,12.756906463686045
0.06851851851851852,0.012779777545034569,12.779777545034568
0.0687037037037037,0.012802666024329097,12.802666024329097
0.06888888888888889,0.012825571941333791,12.825571941333791
0.06907407407407407,0.01284849533596452,12.84849533596452
0.06925925925925926,0.012871436248289665,12.871436248289665
0.06944444444444445,0.012894394718530959,12.89439471853096
0.06962962962962962,0.012917370787064255,12.917370787064256
0.06981481481481482,0.012940364494420431,12.94036449442043
0.06999999999999999,0.012963375881286139,12.963375881286138
0.07018518518518518,0.012986404988504726,12.986404988504725
0.07037037037037036,0.013009451857077027,13.009451857077027
0.07055555555555555,0.01303251652816223,13.03251652816223
0.07074074074074074,0.013055599043078743,13.055599043078743
0.07092592592592592,0.013078699443305032,13.078699443305032
0.07111111111111111,0.01310181777048054,13.10181777048054
0.07129629629629629,0.01312495406640651,13.12495406640651
0.07148148148148148,0.013148108373046892,13.148108373046892
0.07166666666666666,0.013171280732529225,13.171280732529226
0.07185185185185185,0.013194471187145541,13.194471187145542
0.07203703703703704,0.01321767977935326,13.21767977935326
0.07222222222222222,0.01324090655177607,13.24090655177607
0.0724074074074074,0.013264151547204906,13.264151547204907
0.07259259259259258,0.0132874148085988,13.2874148085988
0.07277777777777777,0.013310696379085841,13.310696379085842
0.07296296296296297,0.013333996301964118,13.333996301964117
0.07314814814814814,0.013357314620702611,13.357314620702612
0.07333333333333333,0.013380651378942208,13.380651378942208
0.07351851851851851,0.013404006620496598,13.404006620496599
0.0737037037037037,0.013427380389353273,13.427380389353273
0.07388888888888888,0.013450772729674446,13.450772729674446
0.07407407407407407,0.013474183685798075,13.474183685798076
0.07425925925925926,0.013497613302238821,13.497613302238822
0.07444444444444444,0.013521061623689028,13.521061623689029
0.07462962962962963,0.013544528695019728,13.544528695019727
0.0748148148148148,0.01356801456128164,13.568014561281641
0.075,0.013591519267706189,13.591519267706188
0.07518518518518519,0.013615042859706494,13.615042859706495
0.07537037037037037,0.013638585382878439,13.63858538287844
0.07555555555555556,0.013662146883001644,13.662146883001643
0.07574074074074073,0.013685727406040555,13.685727406040556
0.07592592592592592,0.013709326998145466,13.709326998145466
0.0761111111111111,0.013732945705653574,13.732945705653574
0.07629629629629629,0.01375658357509005,13.75658357509005
0.07648148148148148,0.0137802406531691,13.7802406531691
0.07666666666666666,0.013803916986795034,13.803916986795034
0.07685185185185185,0.013827612623063378,13.827612623063379
0.07703703703703703,0.01385132760926194,13.85132760926194
0.07722222222222222,0.013875061992871916,13.875061992871917
0.0774074074074074,0.013898815821569009,13.89881582156901
0.07759259259259259,0.013922589143224551,13.92258914322455
0.07777777777777778,0.013946382005906612,13.946382005906612
0.07796296296296296,0.01397019445788112,13.97019445788112
0.07814814814814815,0.013994026547613062,13.994026547613062
0.07833333333333332,0.014017878323767564,14.017878323767563
0.07851851851851852,0.014041749835211104,14.041749835211105
0.0787037037037037,0.014065641131012658,14.065641131012658
0.07888888888888888,0.014089552260444848,14.089552260444847
0.07907407407407407,0.014113483272985212,14.113483272985212
0.07925925925925925,0.014137434218317282,14.137434218317281
0.07944444444444444,0.01416140514633191,14.16140514633191
0.07962962962962962,0.014185396107128373,14.185396107128373
0.07981481481481481,0.014209407151015664,14.209407151015665
0.08,0.014233438328513696,14.233438328513696
0.08018518518518518,0.014257489690354532,14.257489690354532
0.08037037037037037,0.01428156128748368,14.281561287483681
0.08055555555555555,0.01430565317106129,14.305653171061289
0.08074074074074074,0.014329765392463481,14.329765392463482
0.08092592592592592,0.014353898003283572,14.353898003283572
0.0811111111111111,0.014378051055333381,14.378051055333382
0.0812962962962963,0.014402224600644564,14.402224600644564
0.08148148148148147,0.014426418691469859,14.42641869146986
0.08166666666666667,0.014450633380284461,14.450633380284462
0.08185185185185184,0.014474868719787289,14.474868719787288
0.08203703703703703,0.014499124762902393,14.499124762902392
0.08222222222222222,0.014523401562780256,14.523401562780256
0.0824074074074074,0.01454769917279916,14.54769917279916
0.08259259259259259,0.014572017646566562,14.572017646566563
0.08277777777777777,0.014596357037920478,14.596357037920479
0.08296296296296296,0.014620717400930863,14.620717400930863
0.08314814814814814,0.01464509878990101,14.64509878990101
0.08333333333333333,0.01466950125936899,14.669501259368989
0.08351851851851852,0.01469392486410902,14.69392486410902
0.0837037037037037,0.014718369659132976,14.718369659132977
0.08388888888888889,0.014742835699691753,14.742835699691753
0.08407407407407406,0.014767323041276795,14.767323041276795
0.08425925925925926,0.014791831739621517,14.791831739621516
0.08444444444444445,0.01481636185070279,14.816361850702789
0.08462962962962962,0.014840913430742472,14.840913430742471
0.08481481481481482,0.014865486536208847,14.865486536208847
0.08499999999999999,0.0148900812238182,14.8900812238182
0.08518518518518518,0.014914697550536305,14.914697550536305
0.08537037037037036,0.014939335573579994,14.939335573579994
0.08555555555555555,0.014963995350418676,14.963995350418676
0.08574074074074074,0.01498867693877593,14.98867693877593
0.08592592592592592,0.015013380396631058,15.013380396631058
0.08611111111111111,0.015038105782220697,15.038105782220697
0.08629629629629629,0.015062853154040413,15.062853154040413
0.08648148148148148,0.01508762257084628,15.08762257084628
0.08666666666666666,0.015112414091656588,15.112414091656587
0.08685185185185185,0.015137227775753395,15.137227775753395
0.08703703703703704,0.01516206368268425,15.162063682684249
0.08722222222222221,0.01518692187226379,15.18692187226379
0.0874074074074074,0.015211802404575514,15.211802404575513
0.08759259259259258,0.015236705339973379,15.23670533997338
0.08777777777777777,0.01526163073908359,15.26163073908359
0.08796296296296297,0.015286578662806263,15.286578662806264
0.08814814814814814,0.015311549172317189,15.31154917231719
0.08833333333333333,0.01533654232906958,15.33654232906958
0.08851851851851851,0.01536155819479583,15.36155819479583
0.0887037037037037,0.015386596831509308,15.386596831509308
0.08888888888888888,0.01541165830150613,15.411658301506131
0.08907407407407407,0.015436742667366976,15.436742667366977
0.08925925925925926,0.015461849991958923,15.461849991958923
0.08944444444444444,0.015486980338437251,15.48698033843725
0.08962962962962963,0.015512133770247356,15.512133770247356
0.0898148148148148,0.015537310351126564,15.537310351126564
0.09,0.015562510145106026,15.562510145106026
0.09018518518518517,0.015587733216512639,15.587733216512639
0.09037037037037036,0.01561297962997095,15.61297962997095
0.09055555555555556,0.015638249450405064,15.638249450405064
0.09074074074074073,0.015663542743040645,15.663542743040646
0.09092592592592592,0.015688859573406832,15.688859573406832
0.0911111111111111,0.015714200007338242,15.714200007338242
0.09129629629629629,0.015739564110976958,15.739564110976957
0.09148148148148148,0.01576495195077456,15.76495195077456
0.09166666666666666,0.015790363593494127,15.790363593494128
0.09185185185185185,0.015815799106212298,15.815799106212298
0.09203703703703703,0.01584125855632138,15.841258556321378
0.09222222222222222,0.015866742011531352,15.866742011531352
0.0924074074074074,0.01589224953987203,15.89224953987203
0.09259259259259259,0.015917781209695135,15.917781209695136
0.09277777777777778,0.0159433370896765,15.9433370896765
0.09296296296296296,0.015968917248818153,15.968917248818153
0.09314814814814815,0.015994521756450525,15.994521756450524
0.09333333333333332,0.01602015068223464,16.02015068223464
0.09351851851851851,0.016045804096164327,16.04580409616433
0.0937037037037037,0.01607148206856845,16.07148206856845
0.09388888888888888,0.016097184670113136,16.097184670113137
0.09407407407407407,0.016122911971804085,16.122911971804086
0.09425925925925925,0.01614866404498882,16.14866404498882
0.09444444444444444,0.016174440961359025,16.174440961359025
0.09462962962962962,0.016200242792952842,16.200242792952842
0.09481481481481481,0.016226069612157258,16.226069612157257
0.095,0.01625192149171044,16.251921491710437
0.09518518518518518,0.016277798504704143,16.277798504704144
0.09537037037037037,0.016303700724586114,16.303700724586115
0.09555555555555555,0.016329628225162537,16.329628225162537
0.09574074074074074,0.01635558108060046,16.355581080600462
0.09592592592592591,0.016381559365430304,16.381559365430306
0.0961111111111111,0.016407563154548336,16.407563154548335
0.0962962962962963,0.016433592523219194,16.433592523219193
0.09648148148148147,0.01645964754707843,16.45964754707843
0.09666666666666666,0.016485728302135075,16.485728302135076
0.09685185185185184,0.016511834864774224,16.511834864774222
0.09703703703703703,0.016537967311759653,16.537967311759655
0.09722222222222222,0.016564125720236435,16.564125720236436
0.0974074074074074,0.01659031016773362,16.59031016773362
0.09759259259259259,0.01661652073216689,16.61652073216689
0.09777777777777777,0.016642757491841294,16.642757491841294
0.09796296296296296,0.01666902052545395,16.669020525453952
0.09814814814814814,0.01669530991209681,16.69530991209681
0.09833333333333333,0.016721625731259463,16.72162573125946
0.09851851851851852,0.016747968062831874,16.747968062831873
0.0987037037037037,0.016774336987107286,16.774336987107286
0.09888888888888889,0.016800732584785035,16.800732584785035
0.09907407407407406,0.01682715493697344,16.82715493697344
0.09925925925925926,0.01685360412519271,16.85360412519271
0.09944444444444445,0.016880080231377888,16.88008023137789
0.09962962962962962,0.01690658333788179,16.90658333788179
0.09981481481481481,0.01693311352747803,16.933113527478028
0.09999999999999999,0.016959670883363975,16.959670883363977
0.10018518518518518,0.016986255489163868,16.986255489163867
0.10037037037037036,0.01701286742893184,17.012867428931838
0.10055555555555555,0.017039506787155035,17.039506787155034
0.10074074074074074,0.01706617364875673,17.06617364875673
0.10092592592592592,0.017092868099099497,17.092868099099498
0.10111111111111111,0.017119590223988394,17.119590223988393
0.10129629629629629,0.017146340109674186,17.146340109674185
0.10148148148148148,0.01717311784285658,17.17311784285658
0.10166666666666666,0.017199923510687526,17.199923510687526
0.10185185185185185,0.01722675720077448,17.22675720077448
0.10203703703703704,0.017253619001183815,17.253619001183814
0.10222222222222221,0.017280509000444123,17.280509000444123
0.1024074074074074,0.01730742728754967,17.307427287549668
0.10259259259259258,0.017334373951963796,17.334373951963798
0.10277777777777777,0.017361349083622406,17.361349083622407
0.10296296296296296,0.01738835277293748,17.38835277293748
0.10314814814814814,0.017415385110800565,17.415385110800564
0.10333333333333333,0.017442446188586407,17.442446188586405
0.10351851851851851,0.017469536098156487,17.46953609815649
0.1037037037037037,0.017496654931862726,17.496654931862725
0.10388888888888888,0.017523802782551105,17.523802782551105
0.10407407407407407,0.0175509797435654,17.550979743565403
0.10425925925925926,0.017578185908750914,17.578185908750914
0.10444444444444444,0.017605421372458286,17.605421372458284
0.10462962962962963,0.01763268622954725,17.63268622954725
0.1048148148148148,0.017659980575390557,17.659980575390556
0.105,0.01768730450587783,17.68730450587783
0.10518518518518517,0.017714658117419485,17.714658117419486
0.10537037037037036,0.017742041506950735,17.742041506950734
0.10555555555555556,0.01776945477193557,17.76945477193557
0.10574074074074073,0.01779689801037082,17.79689801037082
0.10592592592592592,0.01782437132079022,17.82437132079022
0.1061111111111111,0.01785187480226855,17.85187480226855
0.10629629629629629,0.017879408554425835,17.879408554425833
0.10648148148148148,0.0179069726774315,17.9069726774315
0.10666666666666666,0.017934567272008636,17.934567272008636
0.10685185185185185,0.017962192439438335,17.962192439438336
0.10703703703703703,0.017989848281563994,17.989848281563994
0.10722222222222222,0.01801753490079567,18.01753490079567
0.1074074074074074,0.018045252400114554,18.045252400114553
0.10759259259259259,0.01807300088307742,18.07300088307742
0.10777777777777778,0.018100780453821123,18.100780453821123
0.10796296296296296,0.018128591217067197,18.128591217067196
0.10814814814814815,0.018156433278126417,18.156433278126418
0.10833333333333332,0.018184306742903465,18.184306742903466
0.10851851851851851,0.018212211717901664,18.212211717901663
0.1087037037037037,0.018240148310227678,18.240148310227678
0.10888888888888888,0.01826811662759632,18.26811662759632
0.10907407407407407,0.018296116778335432,18.29611677833543
0.10925925925925925,0.018324148871390732,18.324148871390733
0.10944444444444444,0.01835221301633079,18.35221301633079
0.10962962962962962,0.018380309323352013,18.380309323352012
0.10981481481481481,0.018408437903283704,18.408437903283705
0.11,0.01843659886759314,18.43659886759314
0.11018518518518518,0.018464792328390756,18.464792328390757
0.11037037037037037,0.01849301839843532,18.493018398435318
0.11055555555555555,0.01852127719113923,18.52127719113923
0.11074074074074074,0.01854956882057379,18.54956882057379
0.11092592592592591,0.018577893401474616,18.577893401474615
0.1111111111111111,0.018606251049247048,18.60625104924705
0.1112962962962963,0.01863464187997165,18.634641879971653
0.11148148148148147,0.01866306601040973,18.663066010409732
0.11166666666666666,0.018691523558008957,18.691523558008956
0.11185185185185184,0.01872001464090903,18.72001464090903
0.11203703703703703,0.018748539377947383,18.748539377947385
0.11222222222222222,0.018777097888664992,18.777097888664994
0.1124074074074074,0.018805690293312177,18.805690293312175
0.11259259259259259,0.018834316712854567,18.834316712854566
0.11277777777777777,0.018862977268979023,18.862977268979023
0.11296296296296296,0.018891672084099694,18.891672084099696
0.11314814814814814,0.018920401281364112,18.92040128136411
0.11333333333333333,0.018949164984659365,18.949164984659365
0.11351851851851852,0.018977963318618323,18.977963318618322
0.1137037037037037,0.01900679640862593,19.00679640862593
0.11388888888888889,0.0190356643808256,19.0356643808256
0.11407407407407406,0.019064567362125622,19.064567362125622
0.11425925925925925,0.0190935054802057,19.0935054802057
0.11444444444444443,0.019122478863523504,19.122478863523504
0.11462962962962962,0.019151487641321355,19.151487641321356
0.11481481481481481,0.019180531943632912,19.18053194363291
0.11499999999999999,0.019209611901290023,19.209611901290025
0.11518518518518518,0.019238727645929547,19.238727645929547
0.11537037037037036,0.019267879310000343,19.267879310000342
0.11555555555555555,0.01929706702677028,19.297067026770282
0.11574074074074074,0.01932629093033337,19.326290930333368
0.11592592592592592,0.01935555115561691,19.35555115561691
0.11611111111111111,0.019384847838388806,19.384847838388808
0.11629629629629629,0.019414181115264884,19.414181115264885
0.11648148148148148,0.01944355112371633,19.44355112371633
0.11666666666666665,0.01947295800207721,19.47295800207721
0.11685185185185185,0.019502401889552077,19.502401889552075
0.11703703703703704,0.019531882926223643,19.531882926223645
0.11722222222222221,0.019561401253060585,19.561401253060584
0.1174074074074074,0.01959095701192537,19.59095701192537
0.11759259259259258,0.019620550345582237,19.620550345582238
0.11777777777777777,0.01965018139770524,19.65018139770524
0.11796296296296296,0.019679850312886354,19.679850312886355
0.11814814814814814,0.019709557236643773,19.70955723664377
0.11833333333333333,0.019739302315430165,19.739302315430166
0.11851851851851851,0.01976908569664114,19.769085696641138
0.1187037037037037,0.019798907528623753,19.798907528623754
0.11888888888888888,0.019828767960685147,19.82876796068515
0.11907407407407407,0.01985866714310123,19.85866714310123
0.11925925925925926,0.019888605227125555,19.888605227125556
0.11944444444444444,0.019918582364998185,19.918582364998183
0.11962962962962963,0.0199485987099548,19.9485987099548
0.1198148148148148,0.019978654416235767,19.978654416235766
0.12,0.020008749639095408,20.00874963909541
0.12018518518518517,0.020038884534811386,20.038884534811388
0.12037037037037036,0.020069059260694123,20.06905926069412
0.12055555555555555,0.020099273975096435,20.099273975096434
0.12074074074074073,0.020129528837423173,20.129528837423173
0.12092592592592592,0.02015982400814109,20.15982400814109
0.1211111111111111,0.020190159648788703,20.190159648788704
0.12129629629629629,0.02022053592198642,20.220535921986418
0.12148148148148148,0.02025095299144665,20.25095299144665
0.12166666666666666,0.020281411021984122,20.281411021984123
0.12185185185185185,0.020311910179526306,20.311910179526308
0.12203703703703703,0.020342450631123943,20.342450631123942
0.12222222222222222,0.020373032544961745,20.373032544961745
0.1224074074074074,0.020403656090369177,20.403656090369175
0.12259259259259259,0.020434321437831412,20.43432143783141
0.12277777777777778,0.020465028759000393,20.465028759000393
0.12296296296296295,0.020495778226706035,20.495778226706037
0.12314814814814815,0.020526570014967615,20.526570014967614
0.12333333333333332,0.020557404299005204,20.557404299005203
0.12351851851851851,0.020588281255251355,20.588281255251356
0.12370370370370369,0.020619201061362828,20.61920106136283
0.12388888888888888,0.02065016389623256,20.65016389623256
0.12407407407407407,0.020681169940001732,20.68116994000173
0.12425925925925925,0.020712219374071958,20.712219374071957
0.12444444444444444,0.02074331238111773,20.743312381117732
0.12462962962962962,0.0207744491450989,20.7744491450989
0.12481481481481481,0.02080562985127342,20.80562985127342
0.125,0.020836854686210163,20.836854686210163
0.12518518518518518,0.020868123837801993,20.868123837801992
0.12537037037037035,0.020899437495278922,20.89943749527892
0.12555555555555556,0.02093079584922146,20.930795849221457
0.12574074074074074,0.020962199091574204,20.962199091574202
0.1259259259259259,0.02099364741565947,20.99364741565947
0.12611111111111112,0.021025141016191254,21.025141016191252
0.1262962962962963,0.021056680089289227,21.056680089289227
0.12648148148148147,0.021088264832493035,21.088264832493035
0.12666666666666665,0.021119895444776722,21.119895444776724
0.12685185185185185,0.021151572126563333,21.151572126563334
0.12703703703703703,0.021183295079739747,21.183295079739747
0.1272222222222222,0.0212150645076717,21.2150645076717
0.1274074074074074,0.021246880615218976,21.246880615218977
0.1275925925925926,0.02127874360875082,21.27874360875082
0.12777777777777777,0.02131065369616156,21.310653696161562
0.12796296296296295,0.02134261108688646,21.34261108688646
0.12814814814814815,0.0213746159919177,21.3746159919177
0.12833333333333333,0.021406668623820665,21.406668623820664
0.1285185185185185,0.02143876919675042,21.43876919675042
0.1287037037037037,0.021470917926468408,21.47091792646841
0.1288888888888889,0.021503115030359312,21.50311503035931
0.12907407407407406,0.021535360727448292,21.535360727448293
0.12925925925925924,0.0215676552384183,21.5676552384183
0.12944444444444445,0.021599998785627746,21.599998785627747
0.12962962962962962,0.02163239159312831,21.63239159312831
0.1298148148148148,0.021664833886683103,21.664833886683102
0.13,0.02169732589378501,21.69732589378501
0.13018518518518518,0.02172986784367526,21.72986784367526
0.13037037037037036,0.021762459967362358,21.762459967362357
0.13055555555555554,0.02179510249764117,21.79510249764117
0.13074074074074074,0.021827795669112356,21.827795669112355
0.13092592592592592,0.02186053971820201,21.86053971820201
0.1311111111111111,0.021893334883181646,21.893334883181645
0.1312962962962963,0.021926181404188377,21.926181404188377
0.13148148148148148,0.021959079523245478,21.959079523245478
0.13166666666666665,0.02199202948428316,21.992029484283158
0.13185185185185186,0.022025031533159697,22.025031533159698
0.13203703703703704,0.022058085917682806,22.058085917682806
0.1322222222222222,0.02209119288763135,22.09119288763135
0.1324074074074074,0.022124352694777413,22.124352694777414
0.1325925925925926,0.02215756559290857,22.15756559290857
0.13277777777777777,0.02219083183785058,22.19083183785058
0.13296296296296295,0.0222241516874904,22.224151687490398
0.13314814814814815,0.02225752540179945,22.25752540179945
0.13333333333333333,0.02229095324285734,22.29095324285734
0.1335185185185185,0.02232443547487584,22.32443547487584
0.13370370370370369,0.022357972364223277,22.357972364223276
0.1338888888888889,0.022391564179449215,22.391564179449215
0.13407407407407407,0.02242521119130958,22.42521119130958
0.13425925925925924,0.022458913672792125,22.458913672792125
0.13444444444444445,0.02249267189914224,22.492671899142238
0.13462962962962963,0.022526486147889206,22.526486147889205
0.1348148148148148,0.022560356698872786,22.560356698872788
0.13499999999999998,0.022594283834270288,22.59428383427029
0.13518518518518519,0.02262826783862395,22.628267838623948
0.13537037037037036,0.0226623089988688,22.6623089988688
0.13555555555555554,0.02269640760436093,22.69640760436093
0.13574074074074075,0.022730563946906174,22.730563946906173
0.13592592592592592,0.02276477832078924,22.764778320789237
0.1361111111111111,0.022799051022803322,22.799051022803322
0.13629629629629628,0.022833382352280128,22.83338235228013
0.13648148148148148,0.02286777261112034,22.86777261112034
0.13666666666666666,0.022902222103824643,22.90222210382464
0.13685185185185184,0.02293673113752515,22.93673113752515
0.13703703703703704,0.022971300022017364,22.971300022017363
0.13722222222222222,0.02300592906979261,23.00592906979261
0.1374074074074074,0.023040618596071,23.040618596071
0.13759259259259257,0.02307536891883492,23.07536891883492
0.13777777777777778,0.023110180358863027,23.110180358863026
0.13796296296296295,0.023145053239764787,23.14505323976479
0.13814814814814813,0.0231799878880156,23.1799878880156
0.13833333333333334,0.02321498463299243,23.21498463299243
0.1385185185185185,0.023250043807010044,23.250043807010044
0.1387037037037037,0.02328516574535786,23.285165745357858
0.1388888888888889,0.023320350786337322,23.320350786337322
0.13907407407407407,0.0233555992712999,23.3555992712999
0.13925925925925925,0.023390911544685797,23.390911544685796
0.13944444444444443,0.023426287954063162,23.426287954063163
0.13962962962962963,0.023461728850168017,23.46172885016802
0.1398148148148148,0.02349723458694483,23.497234586944828
0.13999999999999999,0.023532805521587746,23.532805521587747
0.1401851851851852,0.02356844201458254,23.568442014582537
0.14037037037037037,0.0236041444297492,23.604144429749198
0.14055555555555554,0.023639913134285307,23.639913134285308
0.14074074074074072,0.023675748498810066,23.675748498810066
0.14092592592592593,0.023711650897409106,23.711650897409108
0.1411111111111111,0.02374762070768007,23.74762070768007
0.14129629629629628,0.023783658310778916,23.783658310778915
0.14148148148148149,0.023819764091467084,23.819764091467086
0.14166666666666666,0.02385593843815936,23.85593843815936
0.14185185185185184,0.023892181742972682,23.89218174297268
0.14203703703703702,0.02392849440177572,23.92849440177572
0.14222222222222222,0.02396487681423931,23.96487681423931
0.1424074074074074,0.024001329383887778,24.00132938388778
0.14259259259259258,0.02403785251815115,24.037852518151148
0.14277777777777778,0.024074446628418324,24.074446628418325
0.14296296296296296,0.024111112130091077,24.111112130091076
0.14314814814814814,0.024147849442639115,24.147849442639114
0.1433333333333333,0.02418465898965607,24.18465898965607
0.14351851851851852,0.024221541198916452,24.22154119891645
0.1437037037037037,0.024258496502433665,24.258496502433665
0.14388888888888887,0.02429552533651907,24.29552533651907
0.14407407407407408,0.024332628141842078,24.33262814184208
0.14425925925925925,0.024369805363491266,24.369805363491267
0.14444444444444443,0.02440705745103679,24.407057451036792
0.14462962962962964,0.02444438485859374,24.44438485859374
0.1448148148148148,0.02448178804488673,24.48178804488673
0.145,0.024519267473315683,24.519267473315683
0.14518518518518517,0.024556823612022823,24.556823612022825
0.14537037037037037,0.024594456933960906,24.594456933960906
0.14555555555555555,0.02463216791696264,24.63216791696264
0.14574074074074073,0.024669957043811596,24.669957043811596
0.14592592592592593,0.024707824802314208,24.707824802314207
0.1461111111111111,0.024745771685373265,24.745771685373263
0.14629629629629629,0.024783798191062828,24.78379819106283
0.14648148148148146,0.024821904822704424,24.821904822704425
0.14666666666666667,0.024860092088944845,24.860092088944846
0.14685185185185184,0.02489836050383528,24.89836050383528
0.14703703703703702,0.024936710586912138,24.936710586912138
0.14722222222222223,0.024975142863279273,24.975142863279274
0.1474074074074074,0.025013657863691915,25.013657863691915
0.14759259259259258,0.02505225612464216,25.05225612464216
0.14777777777777776,0.02509093818844618,25.090938188446177
0.14796296296296296,0.025129704603333115,25.129704603333117
0.14814814814814814,0.025168555923535712,25.168555923535713
0.14833333333333332,0.025207492709382814,25.207492709382816
0.14851851851851852,0.025246515527393626,25.246515527393626
0.1487037037037037,0.02528562495037385,25.285624950373847
0.14888888888888888,0.025324821557513835,25.324821557513836
0.14907407407407405,0.02536410593448864,25.36410593448864
0.14925925925925926,0.02540347867356016,25.40347867356016
0.14944444444444444,0.02544294037368119,25.44294037368119
0.1496296296296296,0.025482491640601915,25.482491640601914
0.14981481481481482,0.02552213308697827,25.522133086978272
0.15,0.025561865332482673,25.56186533248267
0.15018518518518517,0.025601689003917114,25.601689003917112
0.15037037037037038,0.025641604735328442,25.641604735328443
0.15055555555555555,0.025681613168126203,25.6816131681262
0.15074074074074073,0.025721714951202873,25.721714951202873
0.1509259259259259,0.02576191074105666,25.76191074105666
0.1511111111111111,0.025802201201916883,25.802201201916883
0.1512962962962963,0.025842587005872032,25.842587005872034
0.15148148148148147,0.025883068833000608,25.883068833000607
0.15166666666666667,0.025923647371504713,25.923647371504714
0.15185185185185185,0.025964323317846573,25.964323317846574
0.15203703703703703,0.026005097376887956,26.005097376887957
0.1522222222222222,0.026045970262032765,26.045970262032764
0.1524074074074074,0.026086942695372612,26.086942695372613
0.15259259259259259,0.026128015407835683,26.128015407835683
0.15277777777777776,0.02616918913933886,26.169189139338858
0.15296296296296297,0.026210464638943262,26.21046463894326
0.15314814814814814,0.02625184266501322,26.251842665013218
0.15333333333333332,0.02629332398537887,26.29332398537887
0.1535185185185185,0.026334909377502394,26.334909377502395
0.1537037037037037,0.026376599628648034,26.376599628648034
0.15388888888888888,0.026418395536055926,26.418395536055925
0.15407407407407406,0.026460297907120088,26.460297907120086
0.15425925925925926,0.02650230755957031,26.50230755957031
0.15444444444444444,0.026544425321658377,26.544425321658377
0.15462962962962962,0.026586652032348595,26.586652032348596
0.1548148148148148,0.02662898854151278,26.62898854151278
0.155,0.026671435710129816,26.671435710129817
0.15518518518518518,0.026713994410489973,26.713994410489974
0.15537037037037035,0.026756665526404037,26.75666552640404
0.15555555555555556,0.026799449953417435,26.799449953417433
0.15574074074074074,0.0268423485990296,26.8423485990296
0.1559259259259259,0.02688536238291847,26.88536238291847
0.15611111111111112,0.02692849223717063,26.92849223717063
0.1562962962962963,0.026971739106516866,26.971739106516868
0.15648148148148147,0.027015103948573684,27.015103948573685
0.15666666666666665,0.027058587734090738,27.05858773409074
0.15685185185185185,0.027102191447204303,27.1021914472043
0.15703703703703703,0.02714591608569722,27.14591608569722
0.1572222222222222,0.027189762661265247,27.189762661265245
0.1574074074074074,0.02723373219979022,27.233732199790218
0.1575925925925926,0.027277825741620097,27.2778257416201
0.15777777777777777,0.027322044341856148,27.32204434185615
0.15796296296296294,0.027366389070647593,27.366389070647593
0.15814814814814815,0.02741086101349369,27.41086101349369
0.15833333333333333,0.027455461271553832,27.455461271553833
0.1585185185185185,0.027500190961965702,27.500190961965703
0.1587037037037037,0.027545051218171683,27.545051218171682
0.15888888888888889,0.02759004319025403,27.59004319025403
0.15907407407407406,0.027635168045278855,27.635168045278856
0.15925925925925924,0.0276804269676494,27.6804269676494
0.15944444444444444,0.027725821159468724,27.725821159468722
0.15962962962962962,0.02777135184091224,27.77135184091224
0.1598148148148148,0.027817020250610388,27.817020250610387
0.16,0.02786282764604185,27.86282764604185
0.16018518518518518,0.027908775303937493,27.908775303937492
0.16037037037037036,0.02795486452069561,27.95486452069561
0.16055555555555553,0.028001096612808668,28.001096612808666
0.16074074074074074,0.028047472917302096,28.047472917302095
0.16092592592592592,0.02809399479218546,28.09399479218546
0.1611111111111111,0.028140663616916414,28.140663616916413
0.1612962962962963,0.028187480792878018,28.187480792878016
0.16148148148148148,0.028234447743869684,28.234447743869683
0.16166666666666665,0.028281565916612423,28.281565916612422
0.16185185185185183,0.028328836781268883,28.328836781268883
0.16203703703703703,0.02837626183197846,28.37626183197846
0.1622222222222222,0.028423842587408463,28.423842587408462
0.1624074074074074,0.028471580591321485,28.471580591321484
0.1625925925925926,0.028519477413159848,28.519477413159848
0.16277777777777777,0.028567534648647662,28.567534648647662
0.16296296296296295,0.02861575392041113,28.61575392041113
0.16314814814814815,0.028664136878617852,28.664136878617853
0.16333333333333333,0.02871268520163568,28.71268520163568
0.1635185185185185,0.02876140059671213,28.761400596712132
0.16370370370370368,0.02881028480067491,28.81028480067491
0.1638888888888889,0.02885933958065441,28.85933958065441
0.16407407407407407,0.028908566734829118,28.90856673482912
0.16425925925925924,0.028957968093194706,28.957968093194705
0.16444444444444445,0.029007545518357863,29.007545518357862
0.16462962962962963,0.029057300906355703,29.057300906355703
0.1648148148148148,0.029107236187501894,29.107236187501893
0.16499999999999998,0.02915735332726044,29.15735332726044
0.16518518518518518,0.029207654327148464,29.207654327148465
0.16537037037037036,0.0292581412256688,29.2581412256688
0.16555555555555554,0.029308816099274076,29.308816099274075
0.16574074074074074,0.029359681063363167,29.35968106336317
0.16592592592592592,0.029410738273311594,29.410738273311594
0.1661111111111111,0.02946198992553731,29.46198992553731
0.16629629629629628,0.0295134382586032,29.513438258603202
0.16648148148148148,0.029565085554358026,29.565085554358028
0.16666666666666666,0.029616934139117312,29.616934139117312
0.16685185185185183,0.029668986384886065,29.668986384886065
0.16703703703703704,0.029721244710625067,29.721244710625065
0.16722222222222222,0.029773711583562505,29.773711583562505
0.1674074074074074,0.02982638952055332,29.82638952055332
0.16759259259259257,0.029879281089487935,29.879281089487936
0.16777777777777778,0.029932388910753005,29.932388910753005
0.16796296296296295,0.02998571565874629,29.98571565874629
0.16814814814814813,0.030039264063448163,30.03926406344816
0.16833333333333333,0.030093036912052513,30.093036912052515
0.1685185185185185,0.030147037050659513,30.147037050659513
0.1687037037037037,0.030201267386033553,30.201267386033553
0.1688888888888889,0.03025573088742906,30.25573088742906
0.16907407407407407,0.030310430588487574,30.310430588487574
0.16925925925925925,0.0303653695892096,30.3653695892096
0.16944444444444443,0.03042055105800476,30.42055105800476
0.16962962962962963,0.030475978233824082,30.475978233824083
0.1698148148148148,0.030531654428378498,30.5316544283785
0.16999999999999998,0.03058758302844794,30.58758302844794
0.1701851851851852,0.030643767498285433,30.64376749828543
0.17037037037037037,0.030700211382121114,30.700211382121115
0.17055555555555554,0.030756918306771342,30.756918306771343
0.17074074074074072,0.03081389198435818,30.813891984358182
0.17092592592592593,0.030871136215145163,30.871136215145164
0.1711111111111111,0.030928654890495372,30.928654890495373
0.17129629629629628,0.030986451995958536,30.986451995958536
0.17148148148148148,0.03104453161449377,31.044531614493767
0.17166666666666666,0.031102897929835543,31.102897929835542
0.17185185185185184,0.03116155523001083,31.16155523001083
0.17203703703703702,0.031220507911015397,31.220507911015396
0.17222222222222222,0.03127976048065868,31.279760480658684
0.1724074074074074,0.03133931756258633,31.33931756258633
0.17259259259259258,0.03139918390049085,31.399183900490854
0.17277777777777778,0.03145936436252101,31.45936436252101
0.17296296296296296,0.031519863945901776,31.519863945901776
0.17314814814814813,0.031580687781777084,31.580687781777083
0.1733333333333333,0.03164184114028873,31.64184114028873
0.17351851851851852,0.031703329435905654,31.703329435905655
0.1737037037037037,0.03176515823301881,31.765158233018806
0.17388888888888887,0.03182733325181807,31.82733325181807
0.17407407407407408,0.03188986037446872,31.889860374468718
0.17425925925925925,0.031952745651606135,31.952745651606136
0.17444444444444443,0.03201599530916958,32.015995309169575
0.17462962962962963,0.03207961575559621,32.07961575559621
0.1748148148148148,0.032143613589399385,32.143613589399386
0.175,0.03220799560715635,32.20799560715635
0.17518518518518517,0.032272768811932855,32.272768811932856
0.17537037037037037,0.03233794042217399,32.33794042217399
0.17555555555555555,0.03240351788109351,32.403517881093514
0.17574074074074073,0.03246950886659609,32.46950886659609
0.17592592592592593,0.03253592130176979,32.53592130176979
0.1761111111111111,0.03260276336598958,32.60276336598958
0.17629629629629628,0.03267004350667585,32.67004350667585
0.17648148148148146,0.03273777045175575,32.73777045175575
0.17666666666666667,0.032805953222879394,32.805953222879396
0.17685185185185184,0.032874601149447624,32.87460114944763
0.17703703703703702,0.03294372388351317,32.943723883513165
0.17722222222222223,0.03301333141562226,33.01333141562226
0.1774074074074074,0.033083434091670756,33.08343409167075
0.17759259259259258,0.03315404263085499,33.15404263085499
0.17777777777777776,0.033225168144805584,33.225168144805586
0.17796296296296296,0.03329682215800105,33.296822158001056
0.17814814814814814,0.03336901662956717,33.36901662956717
0.17833333333333332,0.033441763976579185,33.44176397657918
0.17851851851851852,0.033515077098995094,33.51507709899509
0.1787037037037037,0.03358896940636196,33.58896940636196
0.17888888888888888,0.033663454846451904,33.663454846451906
0.17907407407407405,0.033738547936000736,33.738547936000735
0.17925925925925926,0.03381426379374133,33.814263793741326
0.17944444444444443,0.03389061817594432,33.89061817594432
0.1796296296296296,0.03396762751470326,33.96762751470326
0.17981481481481482,0.034045308959227145,34.04530895922714
0.18,0.03412368042043466,34.12368042043466
0.18018518518518517,0.03420276061917855,34.20276061917855
0.18037037037037035,0.03428256913846775,34.28256913846775
0.18055555555555555,0.0343631264801003,34.3631264801003
0.18074074074074073,0.03444445412617077,34.44445412617077
0.1809259259259259,0.03452657460597531,34.526574605975306
0.1811111111111111,0.03460951156890455,34.60951156890455
0.1812962962962963,0.0346932898639928,34.6932898639928
0.18148148148148147,0.03477793562688186,34.77793562688186
0.18166666666666667,0.0348634763750621,34.8634763750621
0.18185185185185185,0.034949941112374275,34.949941112374276
0.18203703703703702,0.035037360443897596,35.0373604438976
0.1822222222222222,0.03512576670251366,35.12576670251366
0.1824074074074074,0.03521519408863051,35.21519408863051
0.18259259259259258,0.03530567882477893,35.30567882477893
0.18277777777777776,0.035397259327062836,35.397259327062834
0.18296296296296297,0.035489976395765094,35.48997639576509
0.18314814814814814,0.03558387342779178,35.58387342779179
0.18333333333333332,0.035678996654093076,35.678996654093076
0.1835185185185185,0.03577539540574602,35.775395405746025
0.1837037037037037,0.035873122413045765,35.87312241304576
0.18388888888888888,0.03597223414275194,35.972234142751944
0.18407407407407406,0.03607279117961383,36.07279117961383
0.18425925925925926,0.03617485865949417,36.17485865949417
0.18444444444444444,0.03627850676288566,36.27850676288566
0.18462962962962962,0.03638381127944348,36.38381127944348
0.1848148148148148,0.03649085425643741,36.49085425643741
0.185,0.036599724746894394,36.599724746894395
