z_mm,B_target_mT,B_sim_mT,residual_mT,in_active_0_185mm
-13.0,4.4625398393585,1.5665648859815675,-2.8959749533769323,False
-12.6703125,4.473912197197624,1.626608491068045,-2.8473037061295785,False
-12.340625,4.485848197266123,1.6878579957746642,-2.797990201491459,False
-12.010937499999999,4.498337925411384,1.7503116732297466,-2.748026252181638,False
-11.681249999999999,4.511371591669098,1.8139660765604577,-2.6974055151086405,False
-11.351562499999998,4.524939529326022,1.8788159494035586,-2.646123579922463,False
-11.021875,4.539032193985173,1.9448541361447844,-2.5941780578403892,False
-10.6921875,4.5536401626348475,2.0120714922629914,-2.541568670371856,False
-10.3625,4.5687541327212,2.0804567951896713,-2.4882973375315287,False
-10.032812499999999,4.584382303837898,2.149996656129618,-2.43438564770828,False
-9.703125,4.600497542441072,2.2206754333240233,-2.379822109117049,False
-9.3734375,4.617090916382675,2.2924751472730507,-2.324615769109624,False
-9.04375,4.634153610129148,2.3653753984704617,-2.2687782116586863,False
-8.714062499999999,4.651676923851424,2.439353288238033,-2.2123236356133904,False
-8.384374999999999,4.669652272517649,2.514383343281697,-2.155268929235952,False
-8.0546875,4.688071184989797,2.5904374446243845,-2.097633740365412,False
-7.725,4.706925303123394,2.667484761601831,-2.039440541521563,False
-7.395312499999999,4.726221305546423,2.745491691636799,-1.9807296139096238,False
-7.065624999999999,4.745935517049171,2.8244218065335818,-1.9215137105155888,False
-6.735937499999999,4.766059926748183,2.904235806057971,-1.861824120690212,False
-6.406249999999999,4.786586633025597,2.9848914795873376,-1.8016951534382593,False
-6.0765625,4.807507842646369,3.0663436766306456,-1.7411641660157235,False
-5.746874999999999,4.828815869879097,3.1485442870284372,-1.6802715828506598,False
-5.417187499999999,4.850503135619821,3.231442231647445,-1.6190609039723756,False
-5.0875,4.872562166519293,3.3149834643830847,-1.5575787021362082,False
-4.7578125,4.894998319060635,3.3991109862747706,-1.4958873327858644,False
-4.428125,4.917791054463422,3.483764872523501,-1.4340261819399212,False
-4.098437499999999,4.940933224197861,3.5688823131777063,-1.3720509110201553,False
-3.7687499999999994,4.964417781876046,3.654397668221519,-1.3100201136545275,False
-3.4390624999999995,4.988237782396606,3.740242537758966,-1.24799524463764,False
-3.109374999999999,5.012386381093297,3.8263458479376715,-1.186040533155625,False
-2.779687499999999,5.036856832885846,3.9126339531960683,-1.124222879689777,False
-2.449999999999999,5.061642491435492,3.999030755348908,-1.0626117360865839,False
-2.120312499999999,5.086747574970822,4.085457839946499,-1.0012897350243224,False
-1.7906249999999988,5.1121543779660445,4.171834630253894,-0.9403197477121502,False
-1.4609374999999987,5.137856557163595,4.258078559097184,-0.8797779980664108,False
-1.1312499999999985,5.1638478645494965,4.344105258715265,-0.8197426058342309,False
-0.8015624999999984,5.190122146525118,4.429828768637625,-0.7602933778874925,False
-0.4718749999999983,5.216673343083446,4.515161761481978,-0.7015115816014685,False
-0.14218749999999822,5.243495175056323,4.60001578643106,-0.6434793886252628,False
0.0,5.2551430169026006,4.636441453035786,-0.6187015638668136,True
0.1875000000000019,5.2736895305525,4.684301530006171,-0.5893880005463292,True
0.5171875000000002,5.306300483720194,4.767929093607356,-0.5383713901128381,True
0.8468750000000004,5.338948275875702,4.850808287137391,-0.4881399887383111,True
1.1765625000000006,5.3716124640725,4.93284893787066,-0.4387635262018399,True
1.5062500000000005,5.404320267647855,5.013961213569836,-0.3903590540780197,True
1.8359375000000007,5.437037952435051,5.094055958694549,-0.3429819937405022,True
2.165625000000001,5.469806095502505,5.173045042389132,-0.29676105311337264,True
2.495312500000001,5.502580882919384,5.250841716782328,-0.25173916613705544,True
2.8249999999999993,5.5354063541919,5.327360983982825,-0.20804537020907565,True
3.1546875000000014,5.568241878109778,5.402519970012559,-0.16572190809721957,True
3.4843749999999996,5.601121643649927,5.476238303786565,-0.12488333986336239,True
3.8140625000000017,5.634018238939599,5.54843849912615,-0.08557973981344891,True
4.14375,5.666952569054705,5.6190463376827475,-0.04790623137195752,True
4.473437500000002,5.699910573645377,5.687991250555006,-0.011919323090370422,True
4.8031250000000005,5.732899740893255,5.755206696303219,0.02230695540996353,True
5.132812500000002,5.765919495811466,5.82063053300416,0.05471103719269406,True
5.4625,5.7989637750265,5.884205381947662,0.08524160692116156,True
5.7921875000000025,5.832045624435632,5.945878980554315,0.11383335611868298,True
6.121875,5.865145292755752,6.005604522092619,0.14045922933686622,True
6.451562500000002,5.8982895839962035,6.063340979794239,0.1650513957980361,True
6.781250000000001,5.931444920889789,6.119053413007648,0.18760849211785832,True
7.110937500000003,5.964652004520089,6.172713253093609,0.2080612485735201,True
7.440625000000001,5.997865999745919,6.22429856684979,0.22643256710387205,True
7.770312500000003,6.031133521651516,6.273794295355919,0.2426607737044022,True
8.100000000000001,6.0644107335779,6.321192466253626,0.25678173267572585,True
8.4296875,6.097734776722594,6.366492377615699,0.2687576008931049,True
8.759375000000002,6.131075563370627,6.409700751715346,0.2786251883447194,True
9.0890625,6.164456416824352,6.450831857176031,0.28637544035167806,True
9.418750000000001,6.197861139574305,6.4899075981635335,0.292046458589228,True
9.7484375,6.231299094879551,6.52695756947235,0.2956584745927981,True
10.078125000000002,6.264768118514455,6.562019076555129,0.2972509580406735,True
10.4078125,6.298263469715726,6.595137119744502,0.2968736500287752,True
10.737500000000002,6.3317971624665,6.6263643421183405,0.2945671796518411,True
11.067187500000001,6.365350206140907,6.655760940659641,0.29041073451873367,True
11.396875000000003,6.398948939731253,6.683394540558221,0.2844456008269684,True
11.7265625,6.432559975018545,6.709340032691044,0.27678005767249864,True
12.056250000000002,6.466224124711706,6.733679374498694,0.26745524978698776,True
12.3859375,6.499895471650406,6.756501354645595,0.2566058829951883,True
12.715625000000003,6.53362339799113,6.777901322009316,0.24427792401818596,True
13.045312500000001,6.567360615347805,6.797980879688339,0.23062026434053468,True
13.375000000000004,6.6011474464124,6.816847544847186,0.21570009843478646,True
13.704687500000002,6.634950917662511,6.8346143753324355,0.19966345766992463,True
14.034375,6.668796963158827,6.851399564092577,0.18260260093374941,True
14.364062500000001,6.702667075476628,6.867326002519831,0.16465892704320245,True
14.69375,6.736572647836005,6.882520813903489,0.14594816606748434,True
15.023437500000002,6.770509792144376,6.897114858243725,0.1266050660993492,True
15.353125,6.80447520655528,6.911242209724045,0.10676700316876539,True
15.682812500000004,6.838479777576191,6.92503960818187,0.08655983060567879,True
16.0125,6.8725053520184,6.938645885953136,0.06614053393473596,True
16.3421875,6.906577748324606,6.9522013715010065,0.04562362317640095,True
16.671875000000004,6.9406638036039805,6.965847271274943,0.025183467670962523,True
17.001562500000006,6.974804427671028,6.979725031287505,0.004920603616477386,True
17.33125,7.008952554861921,6.99397567994679,-0.014976874915130674,True
17.660937500000003,7.043160545714676,7.008739153746003,-0.03442139196867342,True
17.990625,7.077377388042605,7.0241536074928215,-0.053223780549783474,True
18.320312500000004,7.111646839462455,7.040354710863157,-0.0712921285992976,True
18.65,7.145932808464701,7.057474933191253,-0.08845787527344759,True
18.9796875,7.180264052920331,7.075642818563346,-0.10462123435698525,True
19.309375000000003,7.214619564218323,7.094982253469114,-0.11963731074920818,True
19.639062500000005,7.249012937186953,7.115611729485378,-0.1334012077015747,True
19.96875,7.283438410542756,7.137643603722564,-0.1457948068201917,True
20.298437500000002,7.317894250547951,7.161183360056079,-0.15671089049187295,True
20.628125000000004,7.352390109921806,7.186328874492575,-0.16606123542923026,True
20.957812500000006,7.38690875857279,7.213169688383111,-0.1737390701896796,True
21.2875,7.4214754321814,7.241786293588862,-0.1796891385925387,True
21.617187500000004,7.456057234212194,7.272249434126217,-0.18380780008597689,True
21.946875000000006,7.490695154588754,7.304619429261033,-0.1860757253277206,True
22.276562500000008,7.525340906259011,7.338945523478858,-0.186395382780152,True
22.606250000000003,7.5600500619530555,7.375265269220686,-0.1847847927323688,True
22.9359375,7.594767584297192,7.413603948730537,-0.18116363556665466,True
23.265625000000004,7.629540946728106,7.453974041800156,-0.17556690492795055,True
23.595312500000006,7.664330682306504,7.496374746602763,-0.16795593570374107,True
23.925,7.6991686091165,7.540791561166556,-0.15837704794994298,True
24.254687500000003,7.734031005012166,7.5871959333324765,-0.14683507167968962,True
24.584375000000005,7.768933857176303,7.635544987251751,-0.13338886992455157,True
24.9140625,7.803869365059253,7.6857813345880786,-0.11808803047117389,True
25.243750000000002,7.838837506928505,7.737832978578098,-0.10100452835040771,True
25.573437500000004,7.873846583121328,7.791613318953443,-0.08223326416788475,True
25.903125000000006,7.908880382467554,7.847021265420351,-0.061859117047202705,True
26.2328125,7.94396348801228,7.903941466912236,-0.040022021100044256,True
26.562500000000004,7.9790633160729,7.96224466316296,-0.016818652909939696,True
26.892187500000006,8.014220916799168,8.021788164282778,0.0075672474836099846,True
27.221875000000008,8.04938714832328,8.08241646294784,0.033029314624559436,True
27.551562500000003,8.084619714917503,8.143961982535382,0.059342267617877933,True
27.881250000000005,8.119860559309272,8.206245963052806,0.08638540374353472,True
28.210937500000004,8.155160736288451,8.269079485028456,0.11391874874000507,True
28.540625000000006,8.190477117207655,8.332264629669938,0.14178751246228355,True
28.8703125,8.22584484343829,8.39559577157475,0.1697509281364581,True
29.200000000000003,8.261237242867399,8.458860998125008,0.1976237552576091,True
29.529687500000005,8.296672907620133,8.52184364745098,0.22517073983084784,True
29.859375,8.332141812638778,8.58432395454642,0.2521821419076437,True
30.189062500000002,8.367645808937215,8.646080792812649,0.27843498387543353,True
30.518750000000004,8.403191711797506,8.7068934960486,0.3037017842510946,True
30.848437500000006,8.438764436469603,8.766543743748745,0.3277793072791416,True
31.178125,8.47438783467253,8.824817490577459,0.35042965590492864,True
31.507812500000004,8.510029688401952,8.881506919116804,0.371477230714852,True
31.837500000000006,8.5457310847755,8.93641239349207,0.39068130871657003,True
32.167187500000004,8.581442472154421,8.989344390320419,0.4079019181659968,True
32.496875,8.617222374933254,9.04012538265091,0.4229030077176569,True
32.8265625,8.653010943065109,9.088591652210244,0.43558070914513464,True
33.15625000000001,8.688862627422155,9.134595005369585,0.4457323779474293,True
33.485937500000006,8.724730318331089,9.178004368823997,0.4532740504929085,True
33.815625000000004,8.760652774105429,9.21870724203579,0.45805446793036053,True
34.1453125,8.796600108609692,9.256610985030795,0.4600108764211026,True
34.47500000000001,8.832593756573,9.291643922133671,0.45905016556067185,True
34.8046875,8.868621261173681,9.323756244651463,0.45513498347778125,True
35.134375000000006,8.904686526283479,9.352920698318218,0.44823417203473936,True
35.464062500000004,8.940794733250891,9.379133044439751,0.4383383111888611,True
35.79375,8.976932044709356,9.402412287057603,0.4254802423482463,True
36.1234375,9.013121492171164,9.422800662009557,0.4096791698383929,True
36.453125,9.049331283484952,9.440363387417339,0.3910321039323865,True
36.782812500000006,9.085602515516154,9.455188178795344,0.3695856632791906,True
37.112500000000004,9.1218852245565,9.467384535562045,0.3454993110055451,True
37.4421875,9.158238791271158,9.477082809163925,0.31884401789276756,True
37.771875,9.194601442103558,9.484433066213887,0.2898316241103302,True
38.10156250000001,9.231031317980703,9.489603762930491,0.2585724449497874,True
38.431250000000006,9.26747697087587,9.492780249682351,0.22530327880647927,True
38.760937500000004,9.303981104906564,9.494163126544146,0.1901820216375829,True
39.090625,9.340510324044905,9.493966472422047,0.1534561483771419,True
39.42031250000001,9.377089172189292,9.492415971484611,0.11532679929531983,True
39.75000000000001,9.4137025281088,9.489746961333317,0.07604443322451783,True
40.079687500000006,9.450356551012408,9.486202427568694,0.035845876556285516,True
40.409375000000004,9.487054620708829,9.482030969173739,-0.005023651535089602,True
40.7390625,9.523784283770079,9.477484758473555,-0.046299525296524674,True
41.06875,9.560567650798706,9.47281751837945,-0.0877501324192554,True
41.3984375,9.59737342423819,9.46828253823423,-0.12909088600395954,True
41.728125000000006,9.63424267881798,9.464130747895801,-0.17011193092217847,True
42.057812500000004,9.671125037748274,9.460608867786139,-0.2105161699621355,True
42.3875,9.7080807768679,9.45795765055096,-0.25012312631694095,True
42.7171875,9.745046053713663,9.456410227780614,-0.28863582593305004,True
43.04687500000001,9.782083028891629,9.456190572991925,-0.3258924558997046,True
43.376562500000006,9.819135514775223,9.457512089817225,-0.36162342495799776,True
43.706250000000004,9.856250530857706,9.46057633213932,-0.3956741987183859,True
44.0359375,9.893390838549115,9.465571860792588,-0.4278189777565267,True
44.36562500000001,9.93058439094678,9.472673239457203,-0.4579111514895779,True
44.69531250000001,9.967813140355391,9.482040170535456,-0.48577296981993506,True
45.025000000000006,10.0050857297426,9.493816770138508,-0.5112689596040911,True
45.354687500000004,10.042403548033207,9.508130979845047,-0.5342725681881603,True
45.684375,10.079755680427029,9.525094111628553,-0.5546615687984751,True
46.0140625,10.117163202138077,9.544800521291029,-0.5723626808470488,True
46.34375,10.15459538897811,9.567327404885017,-0.5872679840930941,True
46.673437500000006,10.192093256143027,9.592734711945415,-0.5993585441976118,True
47.003125000000004,10.229606014373092,9.621065168877186,-0.6085408454959054,True
47.3328125,10.267194876643504,9.652344405538772,-0.6148504711047335,True
47.6625,10.3047937692901,9.686581177908282,-0.6182125913818184,True
47.99218750000001,10.342469243566983,9.723767679700511,-0.6187015638664719,True
48.321875000000006,10.380159920021335,9.763879935897931,-0.6162799841234033,True
48.651562500000004,10.417917550386578,9.80687827134834,-0.6110392790382377,True
48.98125,10.455700678075056,9.852707847844979,-0.6029928302300775,True
49.31093750000001,10.493541004339239,9.901299263422942,-0.5922417409162973,True
49.64062500000001,10.531417258737257,9.952569207959845,-0.5788480507774116,True
49.970312500000006,10.569340826648228,10.006421169542124,-0.5629196571061041,True
50.3,10.6073108914157,10.062746186435882,-0.5445647049798167,True
50.6296875,10.645318252750519,10.121423639868711,-0.5238946128818083,True
50.959375,10.683382819869927,10.182322083175757,-0.5010607366941703,True
51.28906250000001,10.721474532528754,10.245300103178925,-0.4761744293498276,True
51.618750000000006,10.759634302447056,10.310207209945125,-0.44942709250193197,True
51.9484375,10.797810930548499,10.376884751302914,-0.4209261792455857,True
52.27812500000001,10.836066612320858,10.44516684868196,-0.390899763638897,True
52.6078125,10.874332861031679,10.514881350975335,-0.35945151005634457,True
52.9375,10.9126810377374,10.585850803210397,-0.3268302345270039,True
53.267187500000006,10.951044059465637,10.657893426851338,-0.2931506326143002,True
53.596875000000004,10.989478882265255,10.73082410854803,-0.2586547737172245,True
53.92656250000001,11.027939406170281,10.804455394096482,-0.22348401207379978,True
54.25625000000001,11.066461465051056,10.878598484290384,-0.18786298076067276,True
54.5859375,11.10502022940545,10.953064229227842,-0.15195600017760963,True
54.91562500000001,11.143630121080706,11.027664117499533,-0.11596600358117215,True
55.245312500000004,11.182287873429267,11.102211256530877,-0.08007661689839012,True
55.575,11.2209862014463,11.176521340191007,-0.044464861255292046,True
55.90468750000001,11.25974369876831,11.25041359962179,-0.009330099146519222,True
56.234375,11.298531073618303,11.32371173309064,0.025180659472337497,True
56.5640625,11.337389082494015,11.396244810538454,0.05885572804443899,True
56.893750000000004,11.37626612172463,11.467848148386944,0.09158202666231449,True
57.2234375,11.415225418504988,11.538364150094901,0.12313873158991198,True
57.55312500000001,11.454195868379314,11.60764310791726,0.15344723953794775,True
57.88281250000001,11.493254117815443,11.675543961329407,0.18228984351396393,True
58.2125,11.5323267988928,11.741935007637583,0.20960820874478364,True
58.54218750000001,11.571476608849846,11.806694560407147,0.23521795155730107,True
58.871875,11.610652320322332,11.869711551507066,0.2590592311847335,True
59.2015625,11.649894337744954,11.93088607279223,0.2809917350472778,True
59.53125000000001,11.689173889169657,11.990129853725291,0.3009559645556336,True
59.860937500000006,11.728508768657226,12.047366671574652,0.3188579029174254,True
60.19062500000001,11.767892980144433,12.102532691214034,0.3346397110696002,True
60.5203125,11.807321384078373,12.155576731985732,0.3482553479073596,True
60.85,11.8468110864834,12.206460459571879,0.3596493730884786,True
61.17968750000001,11.886333685157222,12.255158501337622,0.36882481618039953,True
61.509375000000006,11.925929720276878,12.301658484162186,0.37572876388530796,True
61.8390625,11.965547192029465,12.345960994349568,0.3804138023201023,True
62.16875000000001,12.005250412803159,12.388079459802913,0.38282904699975595,True
62.4984375,12.044965429080806,12.42803995524665,0.38307452616584414,True
62.828125,12.084774714870031,12.465880931879859,0.3811062170098276,True
63.157812500000006,12.124597953635556,12.501652873434558,0.3770549197990025,True
63.487500000000004,12.164504197164199,12.535417881185097,0.3709136840208977,True
63.81718750000001,12.204436537433137,12.56724919100225,0.3628126535691143,True
64.14687500000001,12.244440450609078,12.59723062605987,0.35279017545079144,True
64.4765625,12.284482783244616,12.625455989276942,0.3409732060323262,True
64.80625,12.324585086730456,12.652028400007703,0.32744331327724635,True
65.13593750000001,12.364738314666464,12.67705957987204,0.31232126520557535,True
65.465625,12.404939738031286,12.700669092944281,0.29572935491299635,True
65.79531250000001,12.445204776500718,12.722983545787505,0.27777876928678813,True
66.125,12.4855060583745,12.744135753031472,0.2586296946569724,True
66.45468749999999,12.52588383514292,12.764263874344362,0.2383800392014423,True
66.78437500000001,12.566285723375293,12.783510528742063,0.21722480536677177,True
67.1140625,12.606777178981028,12.802021892215839,0.19524471323481216,True
67.44375000000001,12.647281136612806,12.819946784641616,0.1726656480288101,True
67.7734375,12.687886518802065,12.837435751865195,0.14954923306313012,True
68.103125,12.728505299158371,12.854640148741822,0.12613484958345045,True
68.43281250000001,12.769213588209432,12.871711228749371,0.1024976405399388,True
68.7625,12.8099481617535,12.888799245597319,0.07885108384382035,True
69.0921875,12.850760144050135,12.90605257202394,0.05529242797380589,True
69.42187500000001,12.891611494859157,12.923616840716457,0.03200534585729928,True
69.7515625,12.93252796685213,12.941634112009268,0.009106145157139825,True
70.08125000000001,12.973497092884259,12.960242072718398,-0.013255020165860512,True
70.4109375,13.014518861272476,12.979573270161437,-0.03494559111104009,True
70.740625,13.055606774640031,12.999754385095734,-0.05585238954429819,True
71.07031250000001,13.096734656556215,13.02090554698778,-0.0758291095684354,True
71.4,13.137942383806001,13.043139694707437,-0.0948026890985644,True
71.7296875,13.179177207006356,13.066561985424714,-0.11261522158164186,True
72.059375,13.220505789407355,13.091269254177362,-0.12923653522999184,True
72.38906250000001,13.261848392466403,13.11734952627558,-0.14449886619082203,True
72.71875,13.303298886304306,13.14488158441846,-0.1584173018858454,True
73.0484375,13.344762872921779,13.173934592114447,-0.17082828080733012,True
73.378125,13.386323595693156,13.204567774726861,-0.1817558209662954,True
73.70781250000002,13.427910780345268,13.236830159203883,-0.1910806211413863,True
74.03750000000001,13.4695818656203,13.270760373300432,-0.19882149231986895,True
74.3671875,13.511293339846164,13.306386504854974,-0.20490683499119028,True
74.696875,13.55307567150923,13.343726021446951,-0.20934965006227935,True
75.02656250000001,13.594912542903504,13.382785750527455,-0.21212679237604842,True
75.35625,13.636807016700606,13.42356191988582,-0.21324509681478615,True
75.68593750000001,13.678770409243064,13.466040258085235,-0.21273015115783056,True
76.015625,13.720777933005891,13.51019615426999,-0.21058177873590178,True
76.3453125,13.762868987400594,13.55599487651294,-0.20687411088765423,True
76.67500000000001,13.804990481275903,13.60339184763306,-0.20159863364284208,True
77.0046875,13.847210355298095,13.65233297716767,-0.1948773781304241,True
77.33437500000001,13.889446751983385,13.702755047931152,-0.18669170405223243,True
77.6640625,13.93179662083663,13.754586155331184,-0.1772104655054455,True
77.99375,13.974160870693835,13.807746197344104,-0.16641467334973029,True
78.32343750000001,14.01662992250318,13.862147412773647,-0.1544825097295321,True
78.653125,14.059125599540655,13.917694965132691,-0.14143063440796508,True
78.9828125,14.101712429993917,13.974287569197337,-0.1274248607965791,True
79.31250000000001,14.1443407503876,14.031818156988601,-0.11252259339900039,True
79.6421875,14.187046344854107,14.090174579641841,-0.09687176521226519,True
79.97187500000001,14.22980854346833,14.149240341331222,-0.08056820213710701,True
80.3015625,14.272633901134242,14.20889536112908,-0.06373854000516106,True
80.63125000000001,14.315531231923256,14.269016758403298,-0.04651447351995859,True
80.96093750000001,14.358477366064465,14.329479657092488,-0.028997708971977704,True
81.290625,14.401511102484532,14.390158003955953,-0.011353098528578062,True
81.6203125,14.444579040746339,14.450925395675835,0.0063463549294963395,True
81.95,14.487750476179402,14.511655909499245,0.02390543331984296,True
82.27968750000001,14.530941260863498,14.572224931952602,0.041283671089104024,True
82.609375,14.574251709052852,14.632509980044349,0.05825827099149514,True
82.9390625,14.617577528371738,14.69239150929929,0.07481398092755095,True
83.26875,14.661017192909807,14.75175370294319,0.09073651003338457,True
83.59843750000002,14.704483627292266,14.810485236582617,0.10600160929035048,True
83.92812500000001,14.748049356077082,14.868480012805174,0.12043065672809154,True
84.2578125,14.79165776720783,14.925637860262077,0.13398009305424716,True
84.5875,14.835350664187203,14.981865191988215,0.1465145278010116,True
84.91718750000001,14.879102435654675,15.037075617965886,0.15797318231121002,True
85.246875,14.922923620983402,15.091190507245715,0.16826688626231207,True
85.57656250000001,14.966820158772293,15.144139495299914,0.17731933652762216,True
85.90625,15.010770769146857,15.195860932696702,0.18509016354984442,True
86.2359375,15.054813502144516,15.246302271645765,0.19148876950124927,True
86.56562500000001,15.098894691147475,15.295420387468655,0.19652569632118075,True
86.8953125,15.143085071665604,15.343181832589027,0.2000967609234218,True
87.22500000000001,15.1872980101187,15.38956302120933,0.2022650110906285,True
87.5546875,15.231637514429659,15.434550343435411,0.20291282900575247,True
87.884375,15.27599349904623,15.478140208221323,0.20214670917509392,True
88.21406250000001,15.320473519646054,15.520339015124764,0.19986549547870885,True
88.54375,15.364980429952048,15.561163055481856,0.1961826255298081,True
88.8734375,15.409595819580964,15.600638344218698,0.19104252463773494,True
89.20312500000001,15.454255188360284,15.638800384109926,0.18454519574964168,True
89.5328125,15.499007190525942,15.675693864862364,0.1766866743364206,True
89.86250000000001,15.543820576429003,15.711372299938388,0.16755172350938624,True
90.1921875,15.588710453794672,15.74589760453178,0.15718715073710815,True
90.52187500000001,15.633679441948829,15.779339618563,0.14566017661417005,True
90.85156250000001,15.678708476748955,15.811775578966298,0.13306710221734283,True
91.18125,15.723834679387108,15.843289545893438,0.11945486650632997,True
91.5109375,15.769004173854867,15.873971787755188,0.10496761390032042,True
91.840625,15.814289230963233,15.903918130260594,0.08962889929736012,True
92.17031250000001,15.859600507769901,15.933229274793979,0.07362876702407886,True
92.50000000000001,15.905046087756103,15.96201009159087,0.056964003834765464,True
92.8296875,15.95050939732134,15.99036889323788,0.0398594959165402,True
93.159375,15.996108290844454,16.018416694029906,0.022308403185452436,True
93.48906250000002,16.041734161393002,16.0462664606732,0.004532299280195912,True
93.81875000000001,16.08747893248161,16.074032359729184,-0.01344657275242564,True
94.1484375,16.133269099577475,16.10182900705502,-0.03144009252245561,True
94.478125,16.17916115730573,16.129770724316728,-0.04939043298900214,True
94.80781250000001,16.225117387313816,16.1579708074361,-0.06714657987771586,True
95.1375,16.2711581635876,16.18654081158599,-0.08461735200161052,True
95.46718750000001,16.31728225443795,16.215589857077795,-0.10169239736015218,True
95.796875,16.363473204515977,16.245223960193282,-0.11824924432269485,True
96.1265625,16.40976698649277,16.275545392706277,-0.13422159378649254,True
96.45625000000001,16.456109589523354,16.30665207352314,-0.14945751600021345,True
96.7859375,16.502574926078978,16.33863699554797,-0.1639379305310093,True
97.11562500000001,16.549070685652815,16.371587690554122,-0.17748299509869406,True
97.4453125,16.595709474248444,16.405585734521143,-0.19012373972730062,True
97.775,16.6423674078766,16.44070629557824,-0.20166111229835693,True
98.10468750000001,16.689174091941112,16.477017726385824,-0.21215636555528897,True
98.434375,16.736007797656143,16.51458120248551,-0.22142659517063526,True
98.7640625,16.78297230146794,16.55345040786021,-0.22952189360772937,True
99.09375000000001,16.829983757255206,16.593671268668107,-0.23631248858710027,True
99.4234375,16.87710768804104,16.635281735849713,-0.24182595219132685,True
99.75312500000001,16.92429890890001,16.678311617054973,-0.24598729184503385,True
100.0828125,16.97158390135311,16.72278245809753,-0.24880144325557796,True
100.41250000000001,17.0189569402665,16.768707473914468,-0.25024946635203094,True
100.74218750000001,17.06640465720807,16.81609152879249,-0.2503131284155823,True
101.071875,17.11396160614358,16.86493116541219,-0.24903044073138966,True
101.4015625,17.16157373920543,16.91521468206209,-0.24635905714334022,True
101.73125,17.20931673015106,16.966922257179405,-0.24239447297165484,True
102.06093750000001,17.257095000479076,17.02002612018595,-0.2370688802931266,True
102.39062500000001,17.30502620651446,17.07449076740199,-0.23053543911246907,True
102.7203125,17.352978171891188,17.130273221638177,-0.22270495025300888,True
103.05,17.4010940018989,17.187323333884265,-0.2137706680146352,True
103.37968750000002,17.44923684213175,17.245584125332606,-0.20365271679914296,True
103.70937500000001,17.49752415730468,17.304992167793642,-0.19253198951103834,True
104.0390625,17.54586014299015,17.365478000379976,-0.18038214261017343,True
104.36875,17.59432079002661,17.426966580154623,-0.16735420987198588,True
104.69843750000001,17.64285223669755,17.489377764258755,-0.15347447243879708,True
105.028125,17.69148809568021,17.55262682085567,-0.13886127482453867,True
105.35781250000001,17.740217365050597,17.616624966051045,-0.1235923989995509,True
105.6875,17.7890303502979,17.681279923777776,-0.10775042652012151,True
106.0171875,17.83795985155166,17.74649650546799,-0.09146334608366863,True
106.34687500000001,17.88695191249708,17.812177206176997,-0.07477470632008196,True
106.6765625,17.936084103623667,17.87822281367801,-0.05786128994565709,True
107.00625000000001,17.985257225723874,17.94453302691295,-0.04072419881092498,True
107.3359375,18.03459461490203,18.01100708006837,-0.023587534833658524,True
107.665625,18.083954618008597,18.0775443684481,-0.006410249560499098,True
107.99531250000001,18.133495967607747,18.144045072238807,0.010549104631059347,True
108.325,18.1830642421927,18.2104107742143,0.027346532021601394,True
108.6546875,18.232792835005274,18.276545067401315,0.04375223239604098,True
108.98437500000001,18.28257200865946,18.342354148736174,0.059782140076711926,True
109.3140625,18.332489983947927,18.407747394780166,0.07525741083223847,True
109.64375000000001,18.382482739440707,18.472637915633626,0.09015517619291938,True
109.9734375,18.432592277515727,18.536943083294567,0.10435080577883907,True
110.30312500000001,18.482801354417482,18.60058503084978,0.11778367643229537,True
110.63281250000001,18.533104677749385,18.663491119063067,0.13038644131367974,True
110.9625,18.583532874115498,18.72559436713657,0.14206149302107077,True
111.2921875,18.634032248484107,18.786833844666887,0.15280159618278125,True
111.621875,18.68468242260368,18.847155022094526,0.16247259949084616,True
111.95156250000001,18.735380158289374,18.90651007725201,0.1711299189626342,True
112.28125000000001,18.78625523050041,18.96485815594971,0.17860292544930045,True
112.61093749999999,18.837155064719088,19.022165584894832,0.1850105201757421,True
112.940625,18.888256638093157,19.078406035615533,0.1901493975223767,True
113.27031250000002,18.93938495348388,19.133560638453023,0.19417568496914173,True
113.6,18.990692098575998,19.187618046086556,0.1969259475105567,True
113.9296875,19.042051963531936,19.240574446463455,0.19852248293152075,True
114.259375,19.093567181410556,19.292433525414314,0.19886634400375844,True
114.58906250000003,19.145161732952996,19.34320637963732,0.19804464668432553,True
114.91875,19.196887575816707,19.392911381130066,0.19602380531336117,True
115.24843750000001,19.248720021745715,19.4415739945274,0.19285397278168137,True
115.57812500000001,19.300659094398803,19.489226549165657,0.18856745476685324,True
115.9078125,19.352732715530543,19.535907968032657,0.18317525250211367,True
116.23750000000001,19.404887676913503,19.58166345607492,0.17677577916141649,True
116.56718750000002,19.45720582940891,19.626544150616645,0.16933832120773554,True
116.896875,19.509579394186883,19.670606736894523,0.16102734270764113,True
117.2265625,19.56214551197599,19.7139130319286,0.15176751995260584,True
117.55625000000002,19.61474045218757,19.7565295401283,0.14178908794073436,True
117.8859375,19.6675580494942,19.798526984175506,0.13096893468130325,True
118.215625,19.720403624920362,19.839979814831825,0.11957618991146127,True
118.54531250000001,19.773449870235773,19.88096570338545,0.10751583314967672,True
118.875,19.8265512504411,19.921565020485765,0.09501377004466488,True
119.2046875,19.87982754900221,19.96186030511174,0.0820327561095284,True
119.53437500000001,19.933188440691726,20.001935727385973,0.06874728669424568,True
119.86406249999999,19.986697811830354,20.041876548881387,0.055178737051034266,True
120.19375000000001,20.04032201121681,20.08176858397573,0.04144657275892069,True
120.52343750000001,20.094067540893903,20.121697665692142,0.027630124798238426,True
120.85312500000002,20.14795893672816,20.16174911932617,0.013790182598009265,True
121.1828125,20.201943779610296,20.202007247002907,6.346739261225975e-05,True
121.5125,20.256106356343803,20.24255482613677,-0.013551530207031592,True
121.84218750000002,20.310333737964314,20.283472624582977,-0.02686111338133859,True
122.171875,20.364771579051055,20.32483893507776,-0.039932643973294296,True
122.5015625,20.419244798058475,20.366729131366448,-0.05251566669202748,True
122.83125000000001,20.47396208940366,20.40921524821709,-0.06474684118656926,True
123.1609375,20.528710459472613,20.45236558731529,-0.07634487215732455,True
123.49062500000001,20.583685553467337,20.49624435083497,-0.08744120263236288,True
123.82031250000001,20.63871853509752,20.54091130428145,-0.09780723081606948,True
124.14999999999999,20.693949825025598,20.586421470009373,-0.10752835501622732,True
124.47968750000001,20.749271850674035,20.63282485262947,-0.11644699804456635,True
124.80937500000002,20.80476295206033,20.680166197335133,-0.12459675472519666,True
125.13906249999998,20.860378569305198,20.72848478200323,-0.13189378730197113,True
125.46874999999999,20.916133183522156,20.777814243753127,-0.13831893976902834,True
125.7984375,20.97204705925744,20.82818244048329,-0.14386461877415047,True
126.12812499999998,21.028068976406754,20.8796113477458,-0.1484576286609543,True
126.45781249999999,21.084285901234857,20.93211699116418,-0.1521689100706762,True
126.7875,21.1405790031537,20.985709414449367,-0.15486958870433026,True
127.1171875,21.197103895985897,21.04039268292038,-0.15671121306551697,True
127.44687499999999,21.25367215938618,21.09616492228967,-0.15750723709651027,True
127.7765625,21.310510072264528,21.153018392327155,-0.15749167993737295,True
128.10625000000002,21.367382782627402,21.210939594870965,-0.15644318775643803,True
128.4359375,21.424513695163448,21.269909415504735,-0.154604279658712,True
128.765625,21.48170566791471,21.329903298072264,-0.15180236984244783,True
129.0953125,21.53912427484296,21.39089145104754,-0.14823282379541544,True
129.42499999999998,21.596640883849915,21.4528390846235,-0.14380179922641664,True
129.7546875,21.65435157567706,21.515706677224514,-0.13864489845254527,True
130.084375,21.71219834578773,21.57945026998711,-0.13274807580062123,True
130.41406249999997,21.770205625842298,21.64402178759052,-0.12618383825177895,True
130.74375,21.828388238842106,21.70936938365488,-0.1190188551872251,True
131.0734375,21.886696727375703,21.77543780876059,-0.11125891861511403,True
131.403125,21.945221028247236,21.8421687989803,-0.10305222926693461,True
131.7328125,22.0038354667289,21.90950148265584,-0.09433398407306115,True
132.0625,22.0627074702346,21.97737280299839,-0.08533466723621014,True
132.39218749999998,22.12163272585101,22.04571795394489,-0.07591477190611873,True
132.72187499999998,22.18085862345851,22.11447082656738,-0.06638779689112709,True
133.0515625,22.240123842873743,22.1835644632092,-0.056559379664544024,True
133.38125,22.299685861002413,22.252931516414513,-0.04675434458789943,True
133.7109375,22.35931264354564,22.322504709627893,-0.0368079339177485,True
134.040625,22.419200883004088,22.39221729657197,-0.02698358643211593,True
134.3703125,22.479195849557133,22.46200351616532,-0.017192333391813364,True
134.7,22.539415729938998,22.531799039822182,-0.007616690116816344,True
135.0296875,22.59978570395893,22.601541407982218,0.0017557040232867027,True
135.359375,22.66034279660273,22.671170452753806,0.010827656151075893,True
135.68906249999998,22.721094812834718,22.74062870361979,0.01953389078507284,True
136.01874999999998,22.781994846839208,22.809861773250194,0.027866926410987508,True
136.3484375,22.843136160513215,22.878818720593042,0.035682560079828424,True
136.678125,22.904385029063416,22.94745238857168,0.043067359508260766,True
137.0078125,22.96592312560863,23.015719713903042,0.04979658829441097,True
137.3375,23.0275268926316,23.083582006766147,0.056055114134544864,True
137.66718749999998,23.089469497943757,23.151005198290683,0.061535700346927735,True
137.996875,23.1514570222899,23.217960054099414,0.06650303180951583,True
138.3265625,23.213789496416407,23.284422352422787,0.07063285600638139,True
138.65624999999997,23.2761911270771,23.350373025605684,0.07418189852858442,True
138.98593749999998,23.33889778787425,23.415798264141035,0.07690047626678423,True
139.315625,23.401721838768236,23.48068958268854,0.07896774392030653,True
139.64531250000002,23.464809507067173,23.54504384786577,0.08023434079859615,True
139.975,23.5280645713485,23.608863267927116,0.08079869657861422,True
140.3046875,23.591540277754987,23.672155344771358,0.08061506701637078,True
140.634375,23.655235241011805,23.73493278903381,0.07969754802200635,True
140.96406249999998,23.719106235051303,23.79721339932287,0.07810716427156944,True
141.29375,23.78325028931256,23.859019906946674,0.07576961763411383,True
141.6234375,23.84752404909446,23.920379787741183,0.07285573864672379,True
141.95312499999997,23.912126707704935,23.9813250428538,0.06919833514886647,True
142.2828125,23.976810950141555,24.041891950551587,0.06508100041003467,True
142.6125,24.041882063571,24.102120791310732,0.06023872773973371,True
142.9421875,24.107005159444842,24.16205554860087,0.05505038915602431,True
143.271875,24.17253452785213,24.221743587903614,0.049209060051486064,True
143.6015625,24.23813835840211,24.28123531659923,0.043096958197118285,True
143.93124999999998,24.304102904402907,24.340583827418723,0.036480923015815014,True
144.26093749999998,24.370198150720874,24.39984452819175,0.02964637747087523,True
144.590625,24.436606661202784,24.459074760624905,0.022468099422121024,True
144.9203125,24.50320440197574,24.5183334108227,0.015129008846957032,True
145.25,24.5700659635688,24.57768051421661,0.007614550647811608,True
145.5796875,24.637177695939748,24.637176857499202,-8.384405426886676e-07,True
145.90937499999998,24.70450170952975,24.696883580073607,-0.007618129456144623,True
146.2390625,24.77213937137653,24.756861777426792,-0.015277593949737656,True
146.56875,24.83993556753446,24.81717210872151,-0.022763458812948,True
146.8984375,24.908111561286518,24.877874410780507,-0.030237150506009364,True
147.22812499999998,24.97639001668597,24.939027320509844,-0.03736269617612628,True
147.55781249999998,25.04511723480898,25.000687907681076,-0.044429327127903234,True
147.88750000000002,25.113905565118,25.062911319865524,-0.0509942452524767,True
148.2171875,25.183180242003072,25.12575044119241,-0.05742980081066551,True
148.546875,25.252535938296475,25.18925556648772,-0.06328037180875629,True
148.8765625,25.322325361752668,25.25347409224393,-0.06885126950873996,True
149.20624999999998,25.39226253511321,25.31845022577478,-0.07381230933842936,True
149.5359375,25.462578353064416,25.38422471382347,-0.07835363924094466,True
149.865625,25.53311170365481,25.450834591818527,-0.08227711183628542,True
150.19531249999997,25.603966010057544,25.518312954908346,-0.08565305514919921,True
150.525,25.6751108618461,25.58668875185252,-0.08842210999357794,True
150.8546875,25.746516220974023,25.655986602804127,-0.09052961816989613,True
151.184375,25.8182885591186,25.726226641980446,-0.09206191713815454,True
151.5140625,25.890258031573854,25.79742438618809,-0.09283364538576269,True
151.84375,25.962674542714613,25.869590630139484,-0.09308391257512733,True
152.17343749999998,26.035221713318673,25.942731369468156,-0.09249034385051813,True
152.50312499999998,26.10829982906036,26.016847752317688,-0.09145207674267353,True
152.8328125,26.18145121051647,26.091936060339503,-0.08951515017696643,True
153.1625,26.2551967806884,26.167987719885655,-0.08720906080274607,True
153.4921875,26.32903171037391,26.24498934412024,-0.08404236625367267,True
153.821875,26.403399189244404,26.32292280669488,-0.08047638254952277,True
154.1515625,26.477936973111472,26.40176534753645,-0.07617162557501875,True
154.48125,26.552942365176108,26.48148971117709,-0.07145265399901776,True
154.8109375,26.628203226563187,26.56206431791521,-0.06613890864798008,True
155.140625,26.70386323477201,26.64345346793073,-0.0604097668412823,True
155.47031249999998,26.77986837610678,26.725617578286954,-0.05425079781982631,True
155.79999999999998,26.8562004452983,26.808513452536033,-0.0476869927622664,True
156.1296875,26.932972115201977,26.8920945824047,-0.04087753279727671,True
156.459375,27.009994479072702,26.976311480774527,-0.03368299829817345,True
156.7890625,27.087556045452043,27.061112044887327,-0.02644400056471541,True
157.11875,27.165287777419255,27.146441948405773,-0.018845829013479365,True
157.44843749999998,27.243663807207884,27.232245060645322,-0.011418746562564391,True
157.778125,27.32212989402741,27.3184638909699,-0.003666003057508499,True
158.1078125,27.401341221867774,27.405040056017047,0.0036988341492738552,True
158.43749999999997,27.480652916818492,27.491914767093057,0.011261850274564555,True
158.76718749999998,27.560636447173888,27.579029334761398,0.018392887587509454,True
159.096875,27.64082138013144,27.666325687344926,0.02550430721348293,True
159.42656250000002,27.721600146984983,27.753746899780957,0.03214675279597512,True
159.75625,27.802687471442812,27.84123772901361,0.0385502575707998,True
160.0859375,27.884285677204165,27.928745151887444,0.04445947468327896,True
160.415625,27.966306189570737,28.01621890132548,0.0499127117547446,True
160.74531249999998,28.0487492897768,28.103611996438744,0.05486270666194351,True
161.075,28.1317355608699,28.190881262127885,0.05914570125798574,True
161.4046875,28.215050356947316,28.277987833704117,0.06293747675679973,True
161.734375,28.29903687723445,28.36489764207924,0.06586076484478565,True
162.0640625,28.383251618282443,28.451581875153774,0.06833025687133162,True
162.39375,28.46827495865446,28.538017411168784,0.06974245251432226,True
162.7234375,28.553419453343043,28.624187219979756,0.0707677666367118,True
163.053125,28.639518443487063,28.710080728455836,0.07056228496877398,True
163.3828125,28.725739814662116,28.795694146502665,0.06995433184054864,True
163.71249999999998,28.81284011009519,28.88103075054466,0.06819064044946699,True
164.04218749999998,28.900187103121414,28.966101121677088,0.06591401855567461,True
164.371875,28.988317234090584,29.050923336101285,0.06260610201070174,True
164.7015625,29.076834603165885,29.135523105878914,0.05868850271302864,True
165.03125,29.16603198610641,29.219933868473596,0.05390188236718482,True
165.3609375,29.255767502366517,29.30419682397912,0.04842932161260027,True
165.690625,29.34607187585112,29.38836091935407,0.04228904350295215,True
166.0203125,29.437076617528017,29.472482779379234,0.03540616185121817,True
166.35,29.5285302491832,29.5566265844188,0.028096335235601455,True
166.6796875,29.620858928384642,29.64086389538669,0.02000496700204843,True
167.00937499999998,29.713506846132827,29.725273426587478,0.011766580454649483,True
167.33906249999998,29.807218178016758,29.809940767308245,0.0027225892914872762,True
167.66875000000002,29.901108429235556,29.894958053176133,-0.0061503760594230905,True
167.9984375,29.99626555045454,29.98042358836245,-0.01584196209209257,True
168.328125,30.091587806108382,30.06644141970243,-0.02514638640595257,True
168.6578125,30.18812043792445,30.153120863710345,-0.034999574214104184,True
168.98749999999998,30.284970983633226,30.240575987302876,-0.04439499633034777,True
169.3171875,30.382911312640466,30.32892504280224,-0.053986269838227074,True
169.646875,30.481365253962977,30.418289857480193,-0.06307539648278335,True
169.97656249999997,30.580776721050594,30.50879517753327,-0.0719815435173271,True
170.30625,30.68091546277126,30.600567965957513,-0.08034749681374784,True
170.6359375,30.781866422186305,30.69373665333114,-0.08812976885516632,True
170.965625,30.883778427234564,30.78843034003069,-0.09534808720387464,True
171.2953125,30.986342696424195,30.88477794791729,-0.10156474850690766,True
171.625,31.0901243656349,30.982907319053,-0.10721704658189779,True
171.95468749999998,31.194381856824762,31.082944258564886,-0.11143759825987462,True
172.28437499999998,31.300138553757115,31.185011518386514,-0.11512703537060187,True
172.6140625,31.4061760026249,31.289227718298037,-0.11694828432686627,True
172.94375,31.51402325357197,31.395706200479697,-0.11831705309227336,True
173.2734375,31.622110743105225,31.504553813713823,-0.11755692939140194,True
173.603125,31.731999970872817,31.615869623442713,-0.11613034743010453,True
173.9328125,31.842332607044256,31.72974354413656,-0.11258906290769616,True
174.2625,31.954312112984802,31.846254890871283,-0.10805722211351676,True
174.5921875,32.06703432900394,31.96547084768155,-0.10156348132238369,True
174.921875,32.181228136544235,32.08744485115944,-0.09378328538479225,True
175.25156249999998,32.296500395287815,32.212214888931406,-0.08428550635641158,True
175.58124999999998,32.413045300238714,32.33980171407841,-0.0732435861603084,True
175.91093750000002,32.53104667896506,32.47020697827745,-0.06083970068760519,True
176.240625,32.65009417056582,32.603411288440995,-0.04668288212483079,True
176.5703125,32.77102550314765,32.739372193914306,-0.031653309233346805,True
176.9,32.8927440733787,32.87802211385221,-0.014721959526488304,True
177.22968749999998,33.01683180337486,33.01926621722188,0.002434413847021699,True
177.559375,33.14140974499121,33.16298027094439,0.021570525953182318,True
177.8890625,33.268910695001736,33.30900847496317,0.04009777996143854,True
178.21874999999997,33.39680819542234,33.45716130647039,0.0603531110480518,True
178.54843749999998,33.527766857291596,33.6072133990795,0.07944654178790311,True
178.878125,33.65943615043112,33.758901486339965,0.09946533590884238,True
179.20781250000002,33.79397629625997,33.91192244257268,0.11794614631271266,True
179.5375,33.9297686622656,34.065931457472374,0.13616279520677066,True
179.8671875,34.068201265659376,34.22054038417827,0.15233911851889742,True
180.196875,34.208525621554294,34.37531630344284,0.16679068188854562,True
180.52656249999998,34.35120944577678,34.52978034901247,0.1785709032356836,True
180.85625,34.49654640263157,34.68340684124053,0.18686043860896562,True
181.1859375,34.643898961782014,34.83562277715068,0.19172381536866623,True
181.515625,34.794819584974526,34.98580772551787,0.19098814054335084,True
181.8453125,34.94733156636527,35.133294174901046,0.18596260853577518,True
182.175,35.104522902092306,35.277368380816604,0.17284547872430112,True
182.5046875,35.26277748746917,35.417271755270086,0.15449426780091147,True
182.834375,35.427078073326435,35.55220283756612,0.12512476423968272,True
183.1640625,35.59222590179897,35.68131987962318,0.08909397782421585,True
183.49374999999998,35.76422790335787,35.80374407188863,0.03951616853076212,True
183.82343749999998,35.93777588733034,35.91856342738274,-0.01921245994759846,True
184.153125,36.1181477923036,36.02483733143902,-0.09331046086458183,True
184.4828125,36.30151508545497,36.121601753453064,-0.1799133320019089,True
184.8125,36.491612482928396,36.207875104549444,-0.28373737837895235,True
185.0,36.599724746894296,36.251881742224214,-0.3478430046700842,True
185.1421875,36.66647478258705,36.28266471173718,-0.3838100708498729,False
185.471875,36.82229708292332,36.344973865114426,-0.4773232178088907,False
185.8015625,36.979637674360525,36.39380938032129,-0.585828294039241,False
186.13125,37.138517226745975,36.428189604097106,-0.7103276226488666,False
186.4609375,37.29895481999277,36.44715277688468,-0.8518020431080922,False
186.79062499999998,37.460969717237475,36.44976565337748,-1.0112040638599884,False
187.12031249999998,37.624581365973235,36.43513227017908,-1.1894490957941526,False
187.45000000000002,37.7898093991855,36.40240273978757,-1.387406659397926,False
187.7796875,37.956732869642444,36.350781942358324,-1.6059509272841193,False
188.109375,38.125314107885934,36.27953798152177,-1.8457761263641694,False
188.4390625,38.29557333402903,36.18801026826419,-2.1075630657648308,False
188.76874999999998,38.46753095846537,36.07561709776237,-2.3919138607030046,False
189.0984375,38.64120758302333,35.941862588244774,-2.6993449947785506,False
189.428125,38.81662400212335,35.78634285847547,-3.030281143647881,False
189.75781249999997,38.993801203937984,35.60875133123817,-3.3850498726998164,False
190.0875,39.172760371555896,35.40888306404834,-3.7638773075075598,False
190.4171875,39.353588149133444,35.186638024918764,-4.166950124214683,False
190.746875,39.5362425259741,34.94202324993279,-4.5942192760413185,False
191.0765625,39.720745301921774,34.67515384012089,-5.045591461800885,False
191.40625,39.907118476639674,34.38625277710385,-5.5208656995358245,False
191.7359375,40.09538425079189,34.07564955951809,-6.019734691273794,False
192.06562499999998,40.28556502722775,33.74377768471467,-6.54178734251308,False
192.3953125,40.47768341217009,33.39117102196308,-7.086512390207009,False
192.725,40.6717622164062,33.018459143766755,-7.653303072639443,False
193.0546875,40.86789621891091,32.626361700337995,-8.241534518572909,False
193.384375,41.066038686210064,32.21568193829589,-8.850356747914171,False
193.7140625,41.266213076178225,31.78729947784878,-9.478913598329447,False
194.04375,41.46844305627258,31.3421624728168,-10.126280583455777,False
194.3734375,41.67275250474246,30.881279284680936,-10.791473220061528,False
194.703125,41.8791655118412,30.405709805362235,-11.473455706478969,False
195.03281249999998,42.087706381041905,29.916556563707466,-12.171149817334435,False
195.36249999999998,42.2983996302558,29.414955747861733,-12.883443882394065,False
195.69218750000002,42.51134874135398,28.90206827010697,-13.609280471247004,False
196.021875,42.726501855697755,28.379070992675224,-14.34743086302253,False
196.3515625,42.943884169320725,27.84714822290679,-15.096735946413936,False
196.68125,43.16352109782834,27.30748357434082,-15.856037523487517,False
197.01093749999998,43.38543827763418,26.761252277346898,-16.62418600028728,False
197.340625,43.60966156720016,26.209614009177105,-17.400047558023058,False
197.6703125,43.83621704827886,25.65370629926147,-18.182510749017396,False
198.0,44.065131027160305,25.09463855157682,-18.97049247558348,False
